experiment;cluster_rmse;cluster_count;cluster_r2;cluster_mape;cluster_mape0;cluster_turnover;consumer_id_rmse;consumer_id_count;consumer_id_r2;consumer_id_mape;consumer_id_mape0;consumer_id_top_decile_accuracy;consumer_id_top_decile_f1;consumer_id_top_decile_precision;consumer_id_top_decile_recall;consumer_id_bottom_decile_accuracy;consumer_id_bottom_decile_f1;consumer_id_bottom_decile_precision;consumer_id_bottom_decile_recall;consumer_id_turnover;clustering_parameter_type;clustering_parameter;clustering_method;model_type;tau
RNN_native_tau=2_rho=1;69.45267995824963;681415.0;-0.27655266118296984;5.546443986835788e+16;579606602397.2617;0.25558284503916195;53.48003517829665;719432.0;0.2284885185535279;3.4876032973853948e+16;141340169597.06674;0.5048705209921134;0.10876666249669878;0.10876666249669878;0.10876666249669878;0.5006619435870274;0.10119122082759964;0.10119122082759964;0.10119122082759964;0.26248401551386513;cluster_size;1;native;TAX;2
RNN_native_tau=2_rho=1024;8.07060996344536;700.0;0.7643849498147997;0.21443794964124285;0.21443794964124285;0.11320174759723844;59.307513538154886;863180.0;0.05999714314210525;6.126760009307154e+16;421800640682.0707;0.5028525014738783;0.10513450265298084;0.10513450265298084;0.10513450265298084;0.4992482577343209;0.0986468639217776;0.0986468639217776;0.0986468639217776;0.07726744891381092;cluster_size;1024;native;TAX;2
RNN_native_tau=2_rho=128;20.922145582992197;5355.0;0.30545038439825256;230779619556234.3;0.42842245267955775;0.3790880318945276;57.882554802890205;959628.0;0.06206904517731104;3.785243317163456e+16;107854059557.4834;0.5025581861687537;0.10460390571267794;0.10460390571267794;0.10460390571267794;0.4992409039271762;0.09863279214689147;0.09863279214689147;0.09863279214689147;0.3614453222701798;cluster_size;128;native;TAX;2
RNN_native_tau=2_rho=131072;7.7077896274488165;35.0;-2.3673785660019755;0.16644504255094492;0.16644504255094492;0.09508355023941348;61.885100728807544;1300745.0;-0.012133227197375971;6.675661088488519e+16;339104839514.1906;0.5002932090386456;0.1005273920998816;0.1005273920998816;0.1005273920998816;0.5079512397416808;0.1143118532527638;0.1143118532527638;0.1143118532527638;0.10110756832163058;cluster_size;131072;native;TAX;2
RNN_native_tau=2_rho=16;51.90108175032381;42595.0;0.21320913999018853;6559224706233908.0;0.8864156068645216;0.19389061380554876;55.71450240328107;1145041.0;0.12031003824588815;5.8347154467795656e+16;191620392548.89505;0.5044909149713016;0.1080835603996367;0.1080835603996367;0.1080835603996367;0.5012401797471786;0.10223223642842172;0.10223223642842172;0.10223223642842172;0.04009625015941744;cluster_size;16;native;TAX;2
RNN_native_tau=2_rho=16384;15.835210464155207;70.0;-4.267427653793049;0.5030177004388758;0.5030177004388758;0.4187988615156717;63.23373597907602;923779.0;-0.04718142004629766;1.037196943853089e+17;607445585210.4369;0.5000865414042809;0.10015480043733828;0.10015480043733828;0.10015480043733828;0.5136481034991182;0.12456563863299308;0.12456563863299308;0.12456563863299308;0.3801756525169512;cluster_size;16384;native;TAX;2
RNN_native_tau=2_rho=2;65.32358215258127;197540.0;0.2474140434416409;2.495079959426655e+16;1.0677534323556737;0.20208111658596464;55.76051599034589;1273109.0;0.16633155205599193;4.947517106631022e+16;95016139340.7718;0.5043903734938432;0.10790197156547013;0.10790197156547013;0.10790197156547013;0.5007247832015627;0.10130390385672768;0.10130390385672768;0.10130390385672768;0.1344121673882568;cluster_size;2;native;TAX;2
RNN_native_tau=2_rho=2048;9.09484547153109;350.0;0.629811560622317;0.288215413144538;0.288215413144538;0.11130814578090756;60.724456944692115;836937.0;0.035539337531129256;6.818540493769317e+16;452489774376.418;0.5022421209096223;0.10403498500471962;0.10403498500471962;0.10403498500471962;0.5019367724120606;0.10348535719833199;0.10348535719833199;0.10348535719833199;0.009146646012148029;cluster_size;2048;native;TAX;2
RNN_native_tau=2_rho=256;22.965477431276994;2695.0;0.12696356864800884;22413091838594.227;0.528567304375068;0.4408431857962348;59.4937019650005;913613.0;0.03501023729290953;3.4323864164666244e+16;76577679342.36781;0.5025474634025349;0.1045851074309607;0.1045851074309607;0.1045851074309607;0.4986861040799988;0.09763465811451276;0.09763465811451276;0.09763465811451276;0.4361505103929026;cluster_size;256;native;TAX;2
RNN_native_tau=2_rho=32;34.62085653729234;21315.0;0.3526929115255369;2669119843164186.5;0.5930629721252265;0.12675528762003122;55.19321044802019;1103082.0;0.12132053297617218;6.231782261024443e+16;262220632004.5617;0.5041460669424669;0.10746274068970517;0.10746274068970517;0.10746274068970517;0.4991247740416365;0.09842441164738733;0.09842441164738733;0.09842441164738733;0.0045026644686925466;cluster_size;32;native;TAX;2
RNN_native_tau=2_rho=32768;56.664468179786596;35.0;-146.36829283562992;1.6024423582393237;1.6024423582393237;1.5854584484761258;85.61329629474525;849877.0;-0.8721157423010275;2.0033516185338266e+17;1205428993726.0908;0.4998716798346161;0.09976819984232883;0.09976819984232883;0.09976819984232883;0.5395313039058685;0.17115558850177087;0.17115558850177087;0.17115558850177087;1.6422353225392188;cluster_size;32768;native;TAX;2
RNN_native_tau=2_rho=4;64.93194820162505;170365.0;0.2482226970934043;2.5292361083444708e+16;1.110993786161578;0.1813188423946976;55.42247166156746;1242669.0;0.16094331603075052;6.193028005634903e+16;150230480987.39142;0.5048528922983935;0.10873448891893198;0.10873448891893196;0.10873448891893196;0.5013165743126596;0.10236911142227158;0.10236911142227158;0.10236911142227158;0.0122923784052152;cluster_size;4;native;TAX;2
RNN_native_tau=2_rho=4096;7.1635269600448055;175.0;0.6646368432860408;0.17790836377298966;0.17790836377298966;0.12047951358737455;60.38176440336132;760044.0;0.0236635118147851;6.42365568151406e+16;130502501140.836;0.5007868002330711;0.1014157149623704;0.1014157149623704;0.1014157149623704;0.5068902765977978;0.11240197884321876;0.11240197884321876;0.11240197884321876;0.08449561149862281;cluster_size;4096;native;TAX;2
RNN_native_tau=2_rho=512;16.110520378004626;1365.0;0.4572625050717699;0.2583456219788194;0.2583456219788194;0.2380147177407928;58.967103401334064;873668.0;0.060853252192709976;4.804196555639692e+16;159216724497.1573;0.5022286806377882;0.10401071354989357;0.10401071354989357;0.10401071354989357;0.4991000830685014;0.09837923219559096;0.09837923219559096;0.09837923219559096;0.23140721984898585;cluster_size;512;native;TAX;2
RNN_native_tau=2_rho=64;47.66027899524523;10675.0;0.18926860473719653;1055409650062536.6;0.41770165388987335;0.0875576509999716;55.75854310058529;1048219.0;0.11388051583546288;6.174449027859908e+16;268759010178.55795;0.5040120739009049;0.10722088131195084;0.10722088131195084;0.10722088131195084;0.5005405506208414;0.1009721334465422;0.1009721334465422;0.1009721334465422;0.0005057430370186988;cluster_size;64;native;TAX;2
RNN_native_tau=2_rho=65536;10.766682557875876;35.0;-5.570464224828212;0.2658076473178307;0.2658076473178307;0.21799322833367832;62.38875405640907;1300745.0;-0.02867480589676341;9.308612499059229e+16;413715021232.1388;0.5003017511810918;0.10054276796285193;0.10054276796285193;0.10054276796285193;0.5080964561632665;0.11457324292325907;0.11457324292325907;0.11457324292325907;0.2370623891430963;cluster_size;65536;native;TAX;2
RNN_native_tau=2_rho=8;58.485071916758734;85190.0;0.2390784218779789;1.6064526423162286e+16;1.0138086680623293;0.17357323141158545;55.00560149922797;1171143.0;0.12956838762913536;5.368392373972696e+16;59854764079.6374;0.5041442514286588;0.107459398534761;0.107459398534761;0.107459398534761;0.5005580031538266;0.1010041498027563;0.1010041498027563;0.1010041498027563;0.08154402208538411;cluster_size;8;native;TAX;2
RNN_native_tau=2_rho=8192;13.852534378725698;105.0;-1.5812189389203597;0.3149883009258856;0.3149883009258856;0.3011518847796849;61.92161166410432;840729.0;-0.03029088675166713;5.502705164952584e+16;428701641691.4286;0.4994970586690576;0.09909363402797602;0.09909363402797602;0.09909363402797602;0.4972238775410313;0.09500190313064992;0.09500190313064992;0.09500190313064992;0.2768207325498883;cluster_size;8192;native;TAX;2
RNN_native_tau=2_rho=None;58.215866770740604;35.0;-191.09451917056495;1.7368428650027212;1.7368428650027212;1.7170938795004238;84.66309352467778;1300745.0;-0.8943217450439578;5.701301969808754e+16;255952714329.35684;0.5001949744005141;0.10035056967572303;0.10035056967572303;0.10035056967572303;0.5080964561632665;0.11457324292325907;0.11457324292325907;0.11457324292325907;1.7424889786661906;cluster_size;;native;TAX;2
RNN_native_tau=3_rho=1;50.85902579361519;732938.0;0.26867814699867354;3.322259965124685e+16;1304696030.985219;0.2205001991228111;50.07590860294601;763753.0;0.2715417904307138;3.2358714461758336e+16;1293804931.7979472;0.5064268384380678;0.11156792144026187;0.11156792144026187;0.11156792144026187;0.5011458805683185;0.10206219312602292;0.10206219312602292;0.10206219312602292;0.22349924529865084;cluster_size;1;native;TAX;3
RNN_native_tau=3_rho=1024;10.564556223528744;748.0;0.5145495129334761;0.3048312480691126;0.3048312480691126;0.2679454401986034;57.13124534408246;908796.0;0.03757202960655781;4.964117772291923e+16;1.085019362141699;0.5020183110228873;0.10363230229205866;0.10363230229205866;0.10363230229205866;0.4995913983834167;0.09926385633644737;0.09926385633644737;0.09926385633644737;0.2379321639246877;cluster_size;1024;native;TAX;3
RNN_native_tau=3_rho=128;12.985892967666766;5746.0;0.6645848988625748;291989890358921.94;0.2737568934889296;0.18561156842642215;54.125711695099476;990396.0;0.11267970629788215;4.750686640437523e+16;3999631576.4126797;0.5048642982165514;0.1087551368652753;0.1087551368652753;0.1087551368652753;0.4992099638326556;0.09857732812326456;0.09857732812326456;0.09857732812326456;0.1594951273069146;cluster_size;128;native;TAX;3
RNN_native_tau=3_rho=131072;34.77135664935324;34.0;-64.24902175084885;1.1297239188586234;1.1297239188586234;1.1025670043166522;68.329610167455;1494503.0;-0.3407207869036621;1.543507917366956e+17;13681343313.33455;0.5011301807818633;0.10203412512546002;0.10203412512546002;0.10203412512546002;0.5097432415722332;0.11753763800602207;0.11753763800602207;0.11753763800602207;1.1228666597161197;cluster_size;131072;native;TAX;3
RNN_native_tau=3_rho=16;33.528605898697535;45832.0;0.34804017294649336;5592988907175413.0;0.8283589647847737;0.12286871571852814;51.8818356315821;1167789.0;0.13690792238390093;5.583185263410873e+16;531529480.28190064;0.5032078408123842;0.10577334771960473;0.10577334771960473;0.10577334771960473;0.4996540922927325;0.09937659490657487;0.09937659490657487;0.09937659490657487;0.0025298244297209545;cluster_size;16;native;TAX;3
RNN_native_tau=3_rho=16384;9.471768010402878;68.0;-1.5597070747285318;0.3082218117106019;0.3082218117106019;0.2425529530313247;60.28337179069775;1010503.0;-0.012923022662387318;8.935771650700115e+16;1.6311281421661334;0.4998737149237892;0.09977238990598714;0.09977238990598714;0.09977238990598714;0.5144484530925632;0.12600692726373086;0.12600692726373086;0.12600692726373086;0.2191906597208909;cluster_size;16384;native;TAX;3
RNN_native_tau=3_rho=2;58.319191587249826;366486.0;0.28461047429742536;2.874572515027701e+16;1.0239036229847582;0.2152855342140406;50.98548560552351;1391403.0;0.220506720808354;4.5674324696921656e+16;2351746164.634828;0.506468423537567;0.11164294954721862;0.11164294954721862;0.11164294954721862;0.5021362571341421;0.10384504815293948;0.10384504815293948;0.10384504815293948;0.13166241132125156;cluster_size;2;native;TAX;3
RNN_native_tau=3_rho=2048;10.80298305250859;374.0;0.3487406367185417;0.3154120136988152;0.3154120136988152;0.2859933661293113;58.08464071352507;812285.0;0.012171652709566771;4.783267896142799e+16;8387046337.787883;0.501670536655666;0.1030063524892894;0.1030063524892894;0.1030063524892894;0.5012328115948785;0.1022184468409908;0.1022184468409908;0.1022184468409908;0.2907670981619675;cluster_size;2048;native;TAX;3
RNN_native_tau=3_rho=256;10.310343288042644;2890.0;0.7304496457450376;128758287347875.84;0.2280678543202274;0.15639996356986932;54.58863971317929;951905.0;0.095454178481008;4.9678035831372456e+16;6539508632.171906;0.5030234834272427;0.1054417480827818;0.1054417480827818;0.1054417480827818;0.4988738903032983;0.09797247610043074;0.09797247610043072;0.09797247610043072;0.14577528136754087;cluster_size;256;native;TAX;3
RNN_native_tau=3_rho=32;35.48490321951293;22916.0;0.00913569355717847;575129307682339.8;0.5791171234465955;0.5231944764426938;54.580534534145094;1113807.0;0.05776906102186696;2.675303755673909e+16;1636817118.667194;0.5045942287482895;0.10826898904650743;0.10826898904650743;0.10826898904650743;0.4987184522404562;0.09769258394684864;0.09769258394684864;0.09769258394684864;0.4871490763345643;cluster_size;32;native;TAX;3
RNN_native_tau=3_rho=32768;58.96359610919478;34.0;-166.088527107401;1.7923526380199295;1.7923526380199295;1.7890120769704256;84.57668117593337;859950.0;-1.0697562751355858;7.22260267546369e+16;8562568885.116656;0.5010175010175011;0.10183150183150184;0.10183150183150184;0.10183150183150184;0.5095257476209857;0.11714634571777427;0.11714634571777427;0.11714634571777427;1.922433873919124;cluster_size;32768;native;TAX;3
RNN_native_tau=3_rho=4;55.81537727457097;183260.0;0.2683971620713278;2.272315263544716e+16;1.1063502894797916;0.19318134514491325;50.263718420688924;1222968.0;0.18271773037633954;5.131978724980738e+16;2635737347.556595;0.5049446479958378;0.10889971871524826;0.10889971871524826;0.10889971871524826;0.5005881899715394;0.10105808857198928;0.10105808857198928;0.10105808857198928;0.05729094870863523;cluster_size;4;native;TAX;3
RNN_native_tau=3_rho=4096;9.672539889109599;204.0;0.13100482856411555;0.26792850539242713;0.26792850539242713;0.20594294594971785;59.63013093719341;882943.0;-0.0042028827350268924;5.867314516910938e+16;1.156075189722904;0.4995823928199124;0.0992479670192765;0.0992479670192765;0.0992479670192765;0.5029297940473558;0.1052732915033864;0.1052732915033864;0.1052732915033864;0.19151447749489164;cluster_size;4096;native;TAX;3
RNN_native_tau=3_rho=512;8.541385808707561;1462.0;0.7650452120725079;59139495974628.63;0.22331657742110084;0.16771333918696316;55.800465332436545;919285.0;0.08035496531878218;5.025690115274822e+16;6453080260.504842;0.5032286721786047;0.10581106953267774;0.10581106953267774;0.10581106953267774;0.4991191783413211;0.09841397615525194;0.09841397615525194;0.09841397615525194;0.16097195122038113;cluster_size;512;native;TAX;3
RNN_native_tau=3_rho=64;25.09741195567349;11458.0;0.4098378648329637;521068074135658.8;0.3912559670774944;0.1208276570322228;53.03614294471046;1040596.0;0.1296676509262089;5.422081133025685e+16;3165417542.5227537;0.5045175197487045;0.10813096416456047;0.10813096416456047;0.10813096416456047;0.4992801097136154;0.09870362006169577;0.09870362006169577;0.09870362006169577;0.040222289876746566;cluster_size;64;native;TAX;3
RNN_native_tau=3_rho=65536;18.97161836238332;34.0;-18.424036841590077;0.6100195082211429;0.6100195082211429;0.6065973223081681;61.846911594088056;1494503.0;-0.09838980124609553;2.777024120412681e+16;1200659142.6628242;0.5002566075035997;0.10046169287387086;0.10046169287387086;0.10046169287387086;0.5097023509081443;0.11746403479424555;0.11746403479424555;0.11746403479424555;0.6136878103272555;cluster_size;65536;native;TAX;3
RNN_native_tau=3_rho=8;44.55155037620343;91630.0;0.3025584980171133;1.1126533388807726e+16;0.9353615786419288;0.1821108145230733;50.92936276023307;1205833.0;0.16103742223904782;5.0860598214609896e+16;1561906722.8302011;0.5046013936175011;0.10828226201039948;0.10828226201039948;0.10828226201039948;0.4996854633958791;0.09943358516540472;0.09943358516540474;0.09943358516540474;0.054815262432250385;cluster_size;8;native;TAX;3
RNN_native_tau=3_rho=8192;11.446209800385214;102.0;-1.0769507592956815;0.3273678115240051;0.3273678115240051;0.2212852385055794;59.53657211341177;772981.0;-0.01824227347291929;6.02550848482723e+16;12818313554.746798;0.5005117998579169;0.100921110507387;0.100921110507387;0.100921110507387;0.5049319222097793;0.10887733188439544;0.10887733188439544;0.10887733188439544;0.16747890094978415;cluster_size;8192;native;TAX;3
RNN_native_tau=3_rho=None;19.24222030964665;34.0;-18.982098669159814;0.6014303337991992;0.6014303337991992;0.5612830476099736;61.919574528614206;1494503.0;-0.10097227817823627;1.1485012289655338e+17;10445890034.709295;0.4996097915443747;0.0992974238875878;0.09929742388758782;0.09929742388758782;0.5098398922328071;0.11771160923385747;0.11771160923385747;0.11771160923385747;0.5800268544398893;cluster_size;;native;TAX;3
RNN_native_tau=4_rho=1;48.317873671177495;753555.0;0.2961976721007608;3.3031684609181148e+16;1628774477.8817556;0.16579050266877804;47.68418799763928;778823.0;0.2986021721397664;3.2472739152009428e+16;1620842569.8194726;0.5082662767884588;0.11487891939087334;0.11487891939087334;0.11487891939087334;0.5012899138189819;0.10232146067127193;0.10232146067127193;0.10232146067127193;0.1664677679886077;cluster_size;1;native;TAX;4
RNN_native_tau=4_rho=1024;17.686463079703856;759.0;-0.28478023919964146;0.6469448601365153;0.6469448601365153;0.5642272705755178;57.91904759142276;915218.0;-0.028188926775650325;2.4379828291213896e+16;1.0374288086714274;0.5036602371384581;0.10658755913943248;0.10658755913943248;0.10658755913943248;0.4985005277429599;0.09730007320724206;0.09730007320724206;0.09730007320724206;0.5704201991663411;cluster_size;1024;native;TAX;4
RNN_native_tau=4_rho=128;34.32193378087169;5907.0;0.2439057215383705;316621199109724.56;0.31742830676217115;0.09366882328095613;52.33668773707422;985204.0;0.11994108293938854;5.627193503339358e+16;6783785412.179253;0.5043197075284341;0.10777507105156313;0.10777507105156313;0.10777507105156313;0.4988555064476288;0.09793950466910273;0.09793950466910273;0.09793950466910273;0.0397738222765317;cluster_size;128;native;TAX;4
RNN_native_tau=4_rho=131072;37.94919107319361;33.0;-83.81520907203925;1.328225798495862;1.328225798495862;1.3046913114720853;68.64058585296523;1604038.0;-0.4409601465125352;2.6502138158042904e+16;3484268005.0226827;0.4999368950902752;0.09988591235824766;0.09988591235824766;0.09988591235824766;0.5106390996336089;0.11914989121151101;0.119149891211511;0.119149891211511;1.3393182274946274;cluster_size;131072;native;TAX;4
RNN_native_tau=4_rho=16;34.471614111905254;47124.0;0.33358053722622405;4885441378390646.0;0.8458469275770162;0.06371607341122734;49.63040002142659;1170357.0;0.1609677751821812;5.618076912608532e+16;6025591187.510799;0.5052195652242993;0.10939462553936856;0.10939462553936856;0.10939462553936856;0.4998602982922462;0.09974793865083094;0.09974793865083097;0.09974793865083097;0.06459500163939019;cluster_size;16;native;TAX;4
RNN_native_tau=4_rho=16384;14.168629546551587;66.0;-3.342527316956636;0.4850034407683698;0.4850034407683698;0.2518071337289909;58.3909064448355;956016.0;-0.01645081179084995;8.392119820165352e+16;11140532593.110523;0.4991571456177546;0.09848223344944088;0.0984822334494409;0.0984822334494409;0.5185374500681851;0.13336680578655036;0.13336680578655036;0.13336680578655036;0.16348201792433267;cluster_size;16384;native;TAX;4
RNN_native_tau=4_rho=2;54.349148484227236;376794.0;0.3011622033719709;2.9924440454399496e+16;1.0259646213557534;0.19894488256413456;46.5661562992009;1305995.0;0.24506557693992606;3.960284715992991e+16;2674469744.8861327;0.5062240963960134;0.1112029954287552;0.1112029954287552;0.1112029954287552;0.5035441382714182;0.10637906875244067;0.10637906875244067;0.10637906875244067;0.1417316743646987;cluster_size;2;native;TAX;4
RNN_native_tau=4_rho=2048;17.647711210363017;396.0;-0.8201037412237729;0.7570300479690765;0.7570300479690765;0.6073816884421417;58.1330972695451;875487.0;-0.041369019154443576;3.637580279132478e+16;5331093946.1105995;0.5026542241453064;0.1047768081509572;0.1047768081509572;0.1047768081509572;0.4992656098638849;0.09867729702563163;0.09867729702563163;0.09867729702563163;0.5299961975914603;cluster_size;2048;native;TAX;4
RNN_native_tau=4_rho=256;20.7791127605235;2970.0;0.04212467546924392;99529004357661.1;0.5846456536320919;0.5138856742802843;55.532720153577316;961352.0;0.02245271238788116;3.068760168021897e+16;1548942628.7649784;0.5042158297725163;0.10758828730431164;0.10758828730431164;0.10758828730431164;0.4989801381203099;0.09816404015186976;0.09816404015186976;0.09816404015186976;0.5134808035299844;cluster_size;256;native;TAX;4
RNN_native_tau=4_rho=32;43.524783394712095;23562.0;0.17753762572026144;1425736690786411.0;0.4954134436474326;0.2161476559447844;50.591297968287144;1110800.0;0.14280965258994138;4.6488389963676136e+16;4633085142.547738;0.5050164045932861;0.109029528267915;0.109029528267915;0.109029528267915;0.5001400392109789;0.10025207057976232;0.10025207057976232;0.10025207057976232;0.12534301091387584;cluster_size;32;native;TAX;4
RNN_native_tau=4_rho=32768;56.078202196797584;33.0;-170.04108197369712;1.9492704939479863;1.9492704939479863;1.890615013170304;79.77762560116987;1017848.0;-0.9672276553767698;2.0793173592909187e+17;3.813320193331651;0.5003312021665668;0.10059537844847913;0.10059537844847913;0.10059537844847913;0.5112584721787196;0.1202644816474102;0.1202644816474102;0.1202644816474102;1.927786206319669;cluster_size;32768;native;TAX;4
RNN_native_tau=4_rho=4;49.48248269814759;188397.0;0.29733143285312313;2.2118744863738304e+16;1.4603955223944003;0.1036988803853644;47.7494757406483;1225876.0;0.20443656109868613;5.3235701491250136e+16;3699651255.5530033;0.5065004138541992;0.11170026185484597;0.11170026185484597;0.11170026185484597;0.5003777813778186;0.10067951740396616;0.10067951740396616;0.10067951740396616;0.051154749371377664;cluster_size;4;native;TAX;4
RNN_native_tau=4_rho=4096;17.283611800880575;198.0;-1.541373861432069;0.6755905946378915;0.6755905946378915;0.6110686240945731;59.48950433938879;831822.0;-0.060495140916837276;3.3432333252490504e+16;0.9131079377028324;0.5014280596418407;0.10257026760597243;0.10257026760597243;0.10257026760597243;0.5069914946896417;0.11258445336731504;0.11258445336731504;0.11258445336731504;0.5356818507956637;cluster_size;4096;native;TAX;4
RNN_native_tau=4_rho=512;10.372389507333224;1485.0;0.6499080787251273;0.27320336470638085;0.27320336470638085;0.21703330336219634;55.11709833949213;901672.0;0.06794668622422563;4.761453656039715e+16;4778414797.413161;0.503594070854902;0.1064691073230783;0.1064691073230783;0.1064691073230783;0.5000820699163949;0.10014750407577053;0.10014750407577053;0.10014750407577053;0.20359403277042987;cluster_size;512;native;TAX;4
RNN_native_tau=4_rho=64;34.46554200809659;11781.0;-0.00811766254302082;278894699570047.28;0.6393717007480221;0.577802722292546;53.751395238504536;1037952.0;0.04130852481776681;2.1364052752852096e+16;1049734488.1152537;0.5055211382432057;0.1099378582783371;0.1099378582783371;0.1099378582783371;0.4985148078175947;0.09732646081217786;0.09732646081217786;0.09732646081217786;0.5906777471088654;cluster_size;64;native;TAX;4
RNN_native_tau=4_rho=65536;7.566895470201581;33.0;-2.372128847358579;0.20282575773763376;0.20282575773763376;0.18196828980746224;57.49738261619679;1604038.0;-0.011081483082675536;5.928064683708283e+16;4219879823.302153;0.4996702058508458;0.09940587146125696;0.09940587146125696;0.09940587146125696;0.5116123421826951;0.1209017287706589;0.1209017287706589;0.1209017287706589;0.16797708502766848;cluster_size;65536;native;TAX;4
RNN_native_tau=4_rho=8;39.95093448679397;94215.0;0.3148051623512307;1.1101614312845734e+16;1.2478157103217806;0.11265632699507007;48.68309588039547;1206222.0;0.17477341864127172;5.607961416113306e+16;4758555117.211614;0.5058576920999279;0.11054368191540516;0.11054368191540516;0.11054368191540516;0.5018598962303317;0.10334764802440682;0.10334764802440682;0.10334764802440682;0.058905158711725;cluster_size;8;native;TAX;4
RNN_native_tau=4_rho=8192;7.671810324342513;99.0;0.3156578626399673;0.2376978189572606;0.2376978189572606;0.15928728778069376;57.80650657272538;767402.0;-0.002382753325338216;5.868678238359274e+16;12249328402.195507;0.5016724577436781;0.10301016419077404;0.10301016419077404;0.10301016419077404;0.5004707090400455;0.10084701589783686;0.10084701589783686;0.10084701589783686;0.17722128857069272;cluster_size;8192;native;TAX;4
RNN_native_tau=4_rho=None;4.447324807358224;33.0;-0.1648403045460427;0.1250821275259676;0.1250821275259676;0.04693018526522905;57.23760189410643;1604038.0;-0.0019657250831379702;6.735537879510043e+16;5256375069.282757;0.5007127183322515;0.10128239496767516;0.10128239496767516;0.10128239496767516;0.5061573350125493;0.11108271042312176;0.11108271042312176;0.11108271042312176;0.048232433632723545;cluster_size;;native;TAX;4
RNN_native_tau=5_rho=1;45.70112620006579;756416.0;0.32277682034520905;3.285030989860363e+16;1948465370.2846198;0.15331828387483346;45.20007682110084;777101.0;0.32473243040667266;3.2475233773619188e+16;1942630799.54454;0.5071062630139268;0.11279114657058292;0.11279114657058295;0.11279114657058295;0.5009080054177715;0.1016342813022777;0.1016342813022777;0.1016342813022777;0.15258726005578313;cluster_size;1;native;TAX;5
RNN_native_tau=5_rho=1024;7.820459724562026;768.0;0.7286702259530351;0.17651664442661666;0.17651664442661666;0.1040516373478176;54.732444631162565;885268.0;0.051102824440426686;5.872403636202044e+16;7258852610.724037;0.5021994771615362;0.10395815918487224;0.10395815918487224;0.10395815918487224;0.4999904610623073;0.09998192621376772;0.09998192621376772;0.09998192621376772;0.09718151628271862;cluster_size;1024;native;TAX;5
RNN_native_tau=5_rho=128;38.47829419227132;5920.0;-0.007417140396182686;93674314396332.69;0.4974783876397102;0.4685992960712518;54.05476848561067;972131.0;0.011829250667307443;2.865618966668581e+16;519191001.70934856;0.504587348904198;0.10825712610453336;0.10825712610453336;0.10825712610453336;0.4984553393686652;0.09721950767901412;0.09721950767901412;0.09721950767901412;0.5136318026814604;cluster_size;128;native;TAX;5
RNN_native_tau=5_rho=131072;20.379224531199924;32.0;-24.66638637938707;0.7588211370396778;0.7588211370396778;0.6953324680360571;59.42629444461485;1665641.0;-0.12865273589729065;1.2085883696285206e+17;9206036363.295109;0.5005423673954711;0.10097620134002544;0.10097620134002544;0.10097620134002544;0.5135570502391245;0.12440263202132515;0.12440263202132515;0.12440263202132515;0.7324458103780046;cluster_size;131072;native;TAX;5
RNN_native_tau=5_rho=16;43.061503073915546;47296.0;0.2490540992507554;4419762921637964.0;0.8412327660777125;0.08341953950579745;48.56736684849124;1169768.0;0.1628886022985916;5.066513965314923e+16;7003200230.080878;0.505416491572916;0.10974900834359183;0.10974900834359183;0.10974900834359183;0.5003204833478467;0.10057618656818493;0.10057618656818493;0.10057618656818493;0.0026815693530282013;cluster_size;16;native;TAX;5
RNN_native_tau=5_rho=16384;12.185904697682275;64.0;-2.5951608721679964;0.4696795612366384;0.4696795612366384;0.36911266082214095;57.078136153635846;961105.0;-0.0359467604509931;9.59648461710148e+16;1.6218461219866422;0.5003413332270127;0.10061387992924774;0.10061387992924774;0.10061387992924774;0.5006361341525729;0.1011445219019873;0.1011445219019873;0.1011445219019873;0.3659291059152983;cluster_size;16384;native;TAX;5
RNN_native_tau=5_rho=2;52.76021287231911;378208.0;0.2966071954452971;2.9631646814991164e+16;0.9955728943413038;0.20821377172870328;44.61287377097013;1241257.0;0.2457063179287113;3.845981860585796e+16;3259027307.0926447;0.5061477862321585;0.11106545820745216;0.11106545820745216;0.11106545820745216;0.5037621997220555;0.10677139979859013;0.10677139979859013;0.10677139979859013;0.13281403549392168;cluster_size;2;native;TAX;5
RNN_native_tau=5_rho=2048;14.36299508580889;384.0;-0.3260692401556013;0.5380492330969661;0.5380492330969661;0.4718717938985498;56.84768830277017;896289.0;-0.024132368657968417;4.0145585825087336e+16;1.0316242315079278;0.5019605086592995;0.10352791538358548;0.10352791538358548;0.10352791538358548;0.5008695809504797;0.10156424331682064;0.10156424331682064;0.10156424331682064;0.4499836683867932;cluster_size;2048;native;TAX;5
RNN_native_tau=5_rho=256;16.782843512897543;2976.0;0.12322855969779435;40760686169543.01;0.5401327610635098;0.4813568079125404;54.497590576983356;942597.0;0.01972048771441215;2.7702302033311228e+16;2399174635.4474897;0.5041562162505803;0.10748045279495858;0.10748045279495858;0.10748045279495858;0.4991345955802386;0.09844152812993984;0.09844152812993984;0.09844152812993984;0.5076732411712498;cluster_size;256;native;TAX;5
RNN_native_tau=5_rho=32;47.353869606558106;23648.0;-0.013609674781373426;482402599690760.1;0.6270212928872123;0.5902785392986354;52.69660869092183;1107984.0;0.04322801963209888;2.020204464755212e+16;665299227.9057182;0.505576913510794;0.1100380873300962;0.1100380873300962;0.1100380873300962;0.4994045221809743;0.09892777847975597;0.09892777847975597;0.09892777847975597;0.5930065144733984;cluster_size;32;native;TAX;5
RNN_native_tau=5_rho=32768;62.96534495340906;32.0;-200.9202207039613;2.190142538337926;2.190142538337926;2.10459803580346;81.6446395668444;935827.0;-1.1419918067774923;8.810963060710355e+16;3581011832.6962476;0.5001535787863735;0.10027569404372637;0.10027569404372637;0.10027569404372637;0.531178037767138;0.15611976662178625;0.15611976662178625;0.15611976662178625;2.029857545215181;cluster_size;32768;native;TAX;5
RNN_native_tau=5_rho=4;47.841713149333884;189120.0;0.28299864445030365;1.898962219987524e+16;1.1337454883034948;0.166426704075446;46.806380092256546;1223236.0;0.1977110639951607;5.03800152356081e+16;5062528830.220604;0.5060847976692562;0.1109521512716333;0.1109521512716333;0.1109521512716333;0.5018337597074758;0.10330027877014136;0.10330027877014136;0.10330027877014136;0.0021848845855127496;cluster_size;4;native;TAX;5
RNN_native_tau=5_rho=4096;5.303381438606856;192.0;0.7569473021129776;0.17516101130309267;0.17516101130309267;0.03345053285787911;56.10037719167053;834420.0;0.019600988251692097;6.665205763787146e+16;1.2276849098800162;0.5001584600347813;0.10028522806260637;0.10028522806260637;0.10028522806260637;0.4993861338148388;0.0988950408667098;0.0988950408667098;0.0988950408667098;0.02501982477076444;cluster_size;4096;native;TAX;5
RNN_native_tau=5_rho=512;15.716144316339912;1504.0;0.07551049877095695;13229168195839.615;0.3756122560016458;0.4004739459288751;56.0997338410666;906073.0;0.008267623183154993;3.92069901313563e+16;4631438222.907363;0.5024055650321795;0.1043296875517344;0.1043296875517344;0.1043296875517344;0.4985120728296441;0.0973213990089066;0.0973213990089066;0.0973213990089066;0.3930114779320896;cluster_size;512;native;TAX;5
RNN_native_tau=5_rho=64;56.0582488752005;11840.0;-0.07546988974236601;146720776437438.0;0.7782750634008551;0.6928517307615432;55.33501460152653;1039292.0;-0.03291371344458826;1.803417857362968e+16;1296105047.2171984;0.5044801943888728;0.10806415918559786;0.10806415918559786;0.10806415918559786;0.4978624300428613;0.09615218081574922;0.0961521808157492;0.0961521808157492;0.7612540378854211;cluster_size;64;native;TAX;5
RNN_native_tau=5_rho=65536;12.036396452508356;32.0;-7.9532845509712935;0.3838941066591695;0.3838941066591695;0.3472665628978093;57.15721176731617;1665641.0;-0.04410724103201291;4.535444600796676e+16;4036508958.48588;0.5000220469127418;0.1000396244086357;0.10003962440863573;0.10003962440863573;0.4963664619827972;0.09345957109579503;0.09345957109579503;0.09345957109579503;0.35537754111273023;cluster_size;65536;native;TAX;5
RNN_native_tau=5_rho=8;43.74094265005808;94560.0;0.2787874223504275;9339594092189490.0;1.0542014463001128;0.11547086925835458;47.77759885797821;1208181.0;0.17867978830716635;4.989959406562023e+16;3441268993.2761;0.5053119839287751;0.10956148918207552;0.10956148918207552;0.10956148918207552;0.5016425531108347;0.10295651310235228;0.10295651310235228;0.10295651310235228;0.002348082497618125;cluster_size;8;native;TAX;5
RNN_native_tau=5_rho=8192;13.966588452616815;96.0;-1.8323878258212307;0.4677279825506204;0.4677279825506204;0.289081932990681;57.27205286431135;821362.0;-0.04043677825406111;4.694841137812705e+16;7010671758.210371;0.49862977970655703;0.09753335930651602;0.09753335930651602;0.09753335930651602;0.504771353534907;0.1085881951884679;0.1085881951884679;0.1085881951884679;0.3360141153640078;cluster_size;8192;native;TAX;5
RNN_native_tau=5_rho=None;17.328939833241698;32.0;-17.558095573606018;0.5920932512190185;0.5920932512190185;0.5684784000362767;58.280695144108435;1665641.0;-0.08555662996146163;1.0895168235914365e+17;8030563422.53397;0.5006624413530241;0.10119233447803846;0.10119233447803846;0.10119233447803846;0.5140706999464342;0.1253272015561586;0.1253272015561586;0.1253272015561586;0.5720226887973743;cluster_size;;native;TAX;5
RNN_native_tau=6_rho=1;45.80029445300538;749921.0;0.31777909572991336;3.1203600187822108e+16;0.9692797254925432;0.158936574824078;45.364269508831406;766958.0;0.3194938387705257;3.097139072524309e+16;0.9646465396694432;0.5067480780253987;0.11214551144142383;0.11214551144142383;0.11214551144142383;0.5010690239702971;0.10192320229480407;0.10192320229480407;0.10192320229480407;0.15747829763313634;cluster_size;1;native;TAX;6
RNN_native_tau=6_rho=1024;19.132831930021318;744.0;-0.7764195566300656;0.8045224201818509;0.8045224201818509;0.6552144807867745;56.44405954734208;865211.0;-0.044060760303231694;3.027619099321544e+16;1.0231786042312478;0.5020541574293803;0.10369736826897516;0.10369736826897516;0.10369736826897516;0.4995820539929763;0.09924758151200287;0.09924758151200287;0.09924758151200287;0.6165899496312994;cluster_size;1024;native;TAX;6
RNN_native_tau=6_rho=128;33.301073240385705;5859.0;-0.7430275213448463;150312523135087.25;1.18127434272124;0.8974993106265376;58.47268724788643;963189.0;-0.11966441633992053;2.074885028472086e+16;58135954.51885984;0.5026491501664421;0.10476754085425362;0.10476754085425362;0.10476754085425362;0.4985654594236103;0.09741688988558732;0.09741688988558732;0.09741688988558732;0.9589210065019408;cluster_size;128;native;TAX;6
RNN_native_tau=6_rho=131072;15.512018059002044;31.0;-14.087910740232475;0.4623530976849614;0.4623530976849614;0.4478202074884328;56.747789435474225;1696773.0;-0.06895975421005329;9.809570245372974e+16;6860235416.128174;0.5007672419227661;0.1013808589260772;0.1013808589260772;0.1013808589260772;0.4980070962263627;0.09641259569652927;0.09641259569652927;0.09641259569652927;0.4381391674716049;cluster_size;131072;native;TAX;6
RNN_native_tau=6_rho=16;34.20988188516719;46872.0;0.3420109467796253;3538442804074309.0;0.7363133784418503;0.1399102779616369;47.503836010573714;1144764.0;0.16916136262353976;4.454450958120368e+16;3596377787.0266867;0.5052434065771629;0.10943778608616653;0.10943778608616653;0.10943778608616653;0.5008125911634713;0.10146231524511687;0.10146231524511687;0.10146231524511687;0.08086684104597032;cluster_size;16;native;TAX;6
RNN_native_tau=6_rho=2;51.00896494571035;374976.0;0.3103546277442793;2.833798287128318e+16;0.9739219454367471;0.21534738772946801;42.858786951747476;1180640.0;0.2625167118016928;3.4064403704838884e+16;5108976725.921424;0.5077669738446944;0.11398055292044992;0.11398055292044992;0.11398055292044992;0.5044966195359203;0.10809391516465644;0.10809391516465644;0.10809391516465644;0.16018996416719455;cluster_size;2;native;TAX;6
RNN_native_tau=6_rho=2048;6.7749080948563485;372.0;0.6929942288591819;0.21424110303881647;0.21424110303881647;0.12769172498630704;54.10092564907068;811686.0;0.03219690214264925;5.573131216345968e+16;1.0819820679258756;0.5016581507256545;0.10298393455548983;0.10298393455548983;0.10298393455548983;0.5033898114800449;0.1061009264734871;0.1061009264734871;0.1061009264734871;0.12616788784204705;cluster_size;2048;native;TAX;6
RNN_native_tau=6_rho=256;17.727750987146113;2945.0;0.12257126273837472;44511024893033.305;0.6855189843755419;0.5499809623748987;54.1109626084624;931275.0;0.02009778569796572;2.426731470840993e+16;1826419160.326616;0.5040169135698941;0.10722991184081954;0.10722991184081952;0.10722991184081952;0.4999782256840955;0.09996026930965242;0.0999602693096524;0.0999602693096524;0.5641669703679694;cluster_size;256;native;TAX;6
RNN_native_tau=6_rho=32;32.37548597125894;23436.0;0.17976730818648345;651710630606887.4;0.4928309317562922;0.4209072379897692;50.03456875801261;1077743.0;0.1043366728463555;3.146313495628268e+16;2800124319.4060826;0.5050034212524566;0.10900588268042384;0.10900588268042384;0.10900588268042384;0.5017919694731496;0.10322526768979533;0.10322526768979533;0.10322526768979533;0.3700164135338458;cluster_size;32;native;TAX;6
RNN_native_tau=6_rho=32768;38.1238549722906;31.0;-57.16651560746553;1.3100267720309806;1.3100267720309806;1.1013848724315412;67.20097951212996;906666.0;-0.4682812987894893;4.3120754273835176e+16;9834547059.010157;0.49951261932127106;0.09912205236803212;0.09912205236803212;0.09912205236803212;0.5178031815383158;0.1320450885668277;0.1320450885668277;0.1320450885668277;1.2197013213700398;cluster_size;32768;native;TAX;6
RNN_native_tau=6_rho=4;44.66217858871001;187488.0;0.3311017204619824;1.98435404751189e+16;1.3119412348936916;0.0904853077616161;45.54767696087895;1201900.0;0.21652175569656215;5.1152224815405e+16;5866269166.900584;0.506868754102301;0.11236375738414177;0.11236375738414177;0.11236375738414177;0.5022464431317082;0.10404359763707463;0.10404359763707463;0.10404359763707463;0.0652257863825361;cluster_size;4;native;TAX;6
RNN_native_tau=6_rho=4096;10.151447081901264;186.0;0.07509933417219783;0.438581522425782;0.438581522425782;0.1932820602146524;54.452118981276534;773879.0;-0.0012155074082988993;5.7381967404004136e+16;5713285929.3615;0.5011944999658702;0.10214893974440152;0.10214893974440152;0.10214893974440152;0.4975117156257892;0.09551991936630183;0.09551991936630183;0.09551991936630183;0.12331906868325815;cluster_size;4096;native;TAX;6
RNN_native_tau=6_rho=512;20.16015858398148;1488.0;-0.43992244749297504;68996235871871.75;0.7526928921524116;0.6631917993869513;56.16639377497796;879780.0;-0.03894535885747175;2.1001868142792144e+16;0.9159296511616886;0.5023945380284465;0.10431016845120372;0.10431016845120372;0.10431016845120372;0.4988267268837411;0.09788810839073406;0.09788810839073404;0.09788810839073404;0.6719943756047053;cluster_size;512;native;TAX;6
RNN_native_tau=6_rho=64;28.940128712393374;11718.0;-0.24452936015219476;272238155419887.3;0.9797436303057084;0.7402062630502736;54.71037710585394;1009286.0;-0.03132196249593844;2.010443166921685e+16;1832215870.0376773;0.5042508823096138;0.10765099873176916;0.10765099873176917;0.10765099873176917;0.497452861364857;0.09541455294863667;0.09541455294863667;0.09541455294863667;0.8261108698667565;cluster_size;64;native;TAX;6
RNN_native_tau=6_rho=8;39.840754649228565;93744.0;0.31844167679805857;9979854879149994.0;1.3079241626802052;0.09798576934491086;46.85428837324702;1190367.0;0.1806017111095637;5.135627056490458e+16;5419374046.165414;0.5050006781305074;0.10900063846231392;0.10900063846231392;0.10900063846231392;0.5018223700041167;0.10327968009677743;0.10327968009677743;0.10327968009677743;0.024013538411684646;cluster_size;8;native;TAX;6
RNN_native_tau=6_rho=8192;8.473349979648145;93.0;0.1588480105704141;0.33831700654946223;0.33831700654946223;0.14884330829510106;54.380126791621656;754390.0;0.002518775555806485;6.108895894030538e+16;1.1527157711850755;0.5006414306776188;0.10115457521971394;0.10115457521971394;0.10115457521971394;0.5089262700842918;0.11606728615172525;0.11606728615172525;0.11606728615172525;0.0961281595951988;cluster_size;8192;native;TAX;6
RNN_native_tau=6_rho=None;23.38521223689895;31.0;-33.2906039550466;0.8538664861626094;0.8538664861626094;0.8617578468567885;59.22844380557265;1696773.0;-0.16445873021230972;1.306299115760076e+16;563429316.3648717;0.4986422898978956;0.09755594452990092;0.09755594452990092;0.09755594452990092;0.5165881482157925;0.12985849584799353;0.12985849584799353;0.12985849584799353;0.8496834938324782;cluster_size;;native;TAX;6
RNN_native_tau=7_rho=1;43.759473367212784;739110.0;0.3394564212889656;2.846715005526808e+16;1332094670.2413864;0.17689344969139598;43.40217966505022;753247.0;0.34094472245182394;2.819199368078561e+16;1330341766.6250615;0.5084499319707014;0.11520896394243535;0.11520896394243535;0.11520896394243535;0.5005949846002485;0.10107004407625723;0.10107004407625723;0.10107004407625723;0.17651874584181326;cluster_size;1;native;TAX;7
RNN_native_tau=7_rho=1024;6.0989440149599154;750.0;0.8303415118114197;0.20444100058011966;0.20444100058011966;0.05969566440758164;52.461460156394274;882859.0;0.05502853397193641;5.853375970457243e+16;1.1418712878928217;0.5022061732015342;0.10397009684544373;0.10397009684544373;0.10397009684544373;0.4994940004289236;0.09908818032508354;0.09908818032508354;0.09908818032508354;0.041707435171997466;cluster_size;1024;native;TAX;7
RNN_native_tau=7_rho=128;19.546664664923398;5790.0;0.14800180910743033;120131751229741.4;0.6644097333343111;0.5206699278443001;52.46356640350656;937850.0;0.027933964986434967;2.565747823763898e+16;139378768.11773956;0.503586809072761;0.10645625633096976;0.10645625633096976;0.10645625633096976;0.4989722355505796;0.09815002399104336;0.09815002399104336;0.09815002399104336;0.5814354714554656;cluster_size;128;native;TAX;7
RNN_native_tau=7_rho=131072;8.448551470681815;30.0;-3.5654465437945326;0.2907304394992844;0.2907304394992844;0.252157093499188;54.69634981914758;1705804.0;-0.022596759069105188;8.663933710319726e+16;6633648524.316564;0.5001629733421541;0.10029311759878064;0.10029311759878064;0.10029311759878064;0.5099075025315846;0.11783327470981356;0.11783327470981356;0.11783327470981356;0.27856982333777697;cluster_size;131072;native;TAX;7
RNN_native_tau=7_rho=16;29.667320878783755;46200.0;0.3791817871530623;2930109572881437.0;1.1868633413960643;0.13021481486280226;46.94267694941482;1134033.0;0.16788877238142996;4.724704879481664e+16;3649657049.1831884;0.5053140357891734;0.10956500268952322;0.1095650026895232;0.1095650026895232;0.5012283132144361;0.10221069989330088;0.10221069989330088;0.10221069989330088;0.04334420306359925;cluster_size;16;native;TAX;7
RNN_native_tau=7_rho=16384;14.679269520665159;60.0;-2.919196093658053;0.6370337894369965;0.6370337894369965;0.5293667482757184;55.31541261458375;936500.0;-0.05051923137498804;9.945681390631488e+16;1.6744964536398963;0.5007949219908643;0.1014308595835558;0.1014308595835558;0.1014308595835558;0.5014415376401495;0.10259476775226907;0.10259476775226907;0.10259476775226907;0.5052310031761686;cluster_size;16384;native;TAX;7
RNN_native_tau=7_rho=2;50.44229797005578;369570.0;0.30439537240805026;2.618410057235021e+16;0.9937580699416909;0.22292966987944465;41.915102612150854;1142646.0;0.26656129100191417;3.211013286868623e+16;1957064240.9720237;0.5083270078281157;0.11498809773857033;0.11498809773857033;0.11498809773857033;0.5054097885914963;0.10973710004900933;0.10973710004900933;0.10973710004900933;0.16146551012568575;cluster_size;2;native;TAX;7
RNN_native_tau=7_rho=2048;13.643400160344765;390.0;-0.11781379491928012;0.4553455496042362;0.4553455496042362;0.4540279743631856;54.37419770125325;850592.0;-0.0155635572620485;3.326647951407248e+16;0.8934664744702454;0.5025023147322618;0.10450393256445524;0.10450393256445524;0.10450393256445524;0.5005298281765199;0.100953455836537;0.100953455836537;0.100953455836537;0.4627579866465754;cluster_size;2048;native;TAX;7
RNN_native_tau=7_rho=256;17.767033580616552;2910.0;0.08029190982864877;7167749177701.384;0.7217472405593981;0.5571204047786705;53.48996181842271;936599.0;0.01831921129055225;2.601278330905907e+16;649776845.1330836;0.5038151955047719;0.10686639831730001;0.10686639831730001;0.10686639831730001;0.4985122760162037;0.09732113304647713;0.09732113304647713;0.09732113304647713;0.5698781918128444;cluster_size;256;native;TAX;7
RNN_native_tau=7_rho=32;25.053575179897894;23100.0;0.30417654874337985;621953515515052.4;0.5084640623852112;0.3676477592797803;49.201045333350976;1074561.0;0.11003213415141412;3.369047291297943e+16;2023394955.3816226;0.5049550508574557;0.1089189994044074;0.1089189994044074;0.1089189994044074;0.5004415760412488;0.10079474389517568;0.1007947438951757;0.1007947438951757;0.3264138188510179;cluster_size;32;native;TAX;7
RNN_native_tau=7_rho=32768;15.34411073890867;30.0;-9.459573059276071;0.5658950715582898;0.5658950715582898;0.06225796712877659;56.29971967651561;1009237.0;-0.07573193680888958;6.614955718053582e+16;14699918788.423838;0.4997565252365154;0.09956105149470387;0.09956105149470387;0.09956105149470387;0.4998335916315271;0.09969977111263044;0.09969977111263044;0.09969977111263044;0.08252386929766697;cluster_size;32768;native;TAX;7
RNN_native_tau=7_rho=4;44.50364245763871;184800.0;0.3189504479140106;1.6917937084161902e+16;1.2545315787133455;0.14988968627250318;44.69820119394911;1183665.0;0.21990173824905468;4.52814314280103e+16;4056364559.71801;0.5065167425523719;0.11172971968301708;0.11172971968301708;0.11172971968301708;0.5023911228293669;0.10430360069614586;0.10430360069614586;0.10430360069614586;0.015722208583689192;cluster_size;4;native;TAX;7
RNN_native_tau=7_rho=4096;6.399820331611017;210.0;0.6677268471708235;0.22028394963817047;0.22028394963817047;0.1239130503047778;54.1033836511477;905024.0;0.020661168094020854;5.575665033509774e+16;1.1004127564731925;0.5021352494911346;0.10384300899427636;0.10384300899427636;0.10384300899427636;0.5012390143661803;0.10222978497712756;0.10222978497712758;0.10222978497712758;0.1334768463682921;cluster_size;4096;native;TAX;7
RNN_native_tau=7_rho=512;9.306903085750822;1470.0;0.711222289004904;35765682635836.4;0.21099266383283072;0.1497804917555876;52.688974464462774;898419.0;0.06915327087257994;5.127054592368486e+16;1.0792537564876643;0.5037040087635286;0.10666622143564744;0.10666622143564744;0.10666622143564744;0.4982313835767027;0.09681548513484936;0.09681548513484936;0.09681548513484936;0.14316766755441682;cluster_size;512;native;TAX;7
RNN_native_tau=7_rho=64;33.80559607820333;11550.0;-0.28813886608458983;209728689407588.53;1.00333121123903;0.7915925382709145;54.19663956392546;1004042.0;-0.0608358512623357;1.819185712064517e+16;1912546700.8814008;0.5051161075660789;0.10920879646229234;0.10920879646229234;0.10920879646229234;0.4990351205493985;0.09826301740966496;0.09826301740966496;0.09826301740966496;0.8894021004816013;cluster_size;64;native;TAX;7
RNN_native_tau=7_rho=65536;45.188346298618;30.0;-129.60856267113377;1.7895469778241095;1.7895469778241095;1.754405024468529;70.59016395619187;1705804.0;-0.7032410055373577;5.740025813960282e+16;4625727365.618108;0.5000196714423095;0.10003517411185367;0.10003517411185367;0.10003517411185367;0.5003355869942396;0.1006038222534881;0.1006038222534881;0.1006038222534881;1.8117876150760437;cluster_size;65536;native;TAX;7
RNN_native_tau=7_rho=8;35.59173433859268;92400.0;0.35573235006786985;9752791662296270.0;1.1565320641393682;0.10225314906468247;45.79985382027039;1176215.0;0.1850743977345296;5.035977584671205e+16;4652712373.316069;0.5060124817022558;0.11082204708342898;0.11082204708342898;0.11082204708342898;0.5012844922407977;0.10231166203314034;0.10231166203314034;0.10231166203314034;0.02588088313828689;cluster_size;8;native;TAX;7
RNN_native_tau=7_rho=8192;7.8854412337130455;120.0;0.2864279400638053;0.3055626202375377;0.3055626202375377;0.03246025760814174;54.51552205757475;980816.0;0.003680990991642097;7.120248276009068e+16;10131824271.703222;0.5006794832734365;0.10122245898797932;0.10122245898797932;0.10122245898797932;0.5023844221358087;0.10429135102619264;0.10429135102619264;0.10429135102619264;0.05613979398435864;cluster_size;8192;native;TAX;7
RNN_native_tau=7_rho=None;16.399994208566287;30.0;-16.203077384016453;0.5213277448028052;0.5213277448028052;0.5336060230339323;56.16023168320889;1705804.0;-0.0780663847794929;3.323295309803228e+16;3998595848.3741045;0.5000229283036697;0.1000410364638293;0.1000410364638293;0.1000410364638293;0.5113079529164292;0.120354086059327;0.120354086059327;0.120354086059327;0.5284362891757957;cluster_size;;native;TAX;7
RNN_native_tau=8_rho=1;44.04047551294146;723753.0;0.33460863777079475;2.8690134174581056e+16;0.96182642944889;0.16415487030622822;43.72935765786804;735710.0;0.335845547731651;2.847012649871493e+16;0.9607513631325127;0.5088871067857353;0.11599679221432355;0.11599679221432355;0.11599679221432355;0.502007886561583;0.10361419581084938;0.10361419581084938;0.10361419581084938;0.16361654238258855;cluster_size;1;native;TAX;8
RNN_native_tau=8_rho=1024;18.909291577545837;725.0;-0.6412553591516961;0.8730952466753739;0.8730952466753739;0.6863040394019596;55.6653727283984;828989.0;-0.05318693483151038;2.6694269428140536e+16;1.02579525833804;0.5026155940514655;0.10470698931216678;0.10470698931216676;0.10470698931216676;0.4994121966809705;0.09894086708967648;0.09894086708967648;0.09894086708967648;0.6693247456072192;cluster_size;1024;native;TAX;8
RNN_native_tau=8_rho=128;27.03192107187085;5655.0;-0.6506673304590873;28952028194589.54;0.9106642750750372;0.8147312527385716;54.971112056859;945036.0;-0.07249082894413195;1.258179235999763e+16;0.9510042065814812;0.5038667763375463;0.10695956742114007;0.10695956742114007;0.10695956742114007;0.49890515016572207;0.09802863401161868;0.09802863401161868;0.09802863401161868;0.8373460956786228;cluster_size;128;native;TAX;8
RNN_native_tau=8_rho=131072;29.704969051216697;29.0;-49.62851329117285;1.1696927693765418;1.1696927693765418;1.1411241867991262;61.283866615929846;1698057.0;-0.3110108956643729;2.4819671317844584e+16;1.3466081544201165;0.5009997410747238;0.10179912252289393;0.10179912252289393;0.10179912252289393;0.5018700199834114;0.10336562527605196;0.10336562527605196;0.10336562527605196;1.183859410108262;cluster_size;131072;native;TAX;8
RNN_native_tau=8_rho=16;32.455288318415555;45240.0;0.3544848060931498;3749019786085063.0;0.8741467679778426;0.09643423919142001;46.65348454487004;1107447.0;0.16693050752234684;4.927640065416106e+16;1.1190141085000174;0.5061988265816624;0.11115726359893087;0.11115726359893087;0.11115726359893087;0.5019247078853539;0.10346384454236797;0.10346384454236797;0.10346384454236797;0.003419932961425189;cluster_size;16;native;TAX;8
RNN_native_tau=8_rho=16384;10.441211478091404;58.0;-0.8640732205062409;0.4378641103275988;0.4378641103275988;0.3266520498360753;54.87958230402401;937016.0;-0.0216553984067811;8.847753001889187e+16;1.4811425774023808;0.4995195121673904;0.09913448095537934;0.09913448095537934;0.09913448095537934;0.5133163431296527;0.12396879435651699;0.12396879435651699;0.12396879435651699;0.35144897054039154;cluster_size;16384;native;TAX;8
RNN_native_tau=8_rho=2;48.92777083032876;361891.0;0.31387743442588634;2.681815210033802e+16;1.0796352737040966;0.19753294920277986;41.370486002778975;1113611.0;0.27023700144991913;3.621131367835435e+16;0.9352571984002548;0.5077920249566259;0.11402555652337892;0.11402555652337892;0.11402555652337892;0.5081711722165236;0.11470802165928826;0.11470802165928826;0.11470802165928826;0.08739744968753778;cluster_size;2;native;TAX;8
RNN_native_tau=8_rho=2048;15.509757283860875;377.0;-0.8035914423105657;0.7315263174058078;0.7315263174058078;0.5880703948695791;55.38943055615208;854503.0;-0.03639872151556056;3.0662423681852384e+16;1.0252909419901668;0.5025617960222837;0.10461088355763604;0.10461088355763604;0.10461088355763604;0.5011249589259306;0.1020245757753072;0.1020245757753072;0.1020245757753072;0.5493790708406057;cluster_size;2048;native;TAX;8
RNN_native_tau=8_rho=256;25.09515137382376;2842.0;-0.8145099337891524;46647240174916.06;1.0378156284224156;0.8427150742489777;55.19011118648172;912210.0;-0.07693420955845133;1.5839458669075236e+16;0.9783899913765048;0.5037509637766158;0.10675173479790838;0.10675173479790838;0.10675173479790838;0.4987691674309887;0.0977845013757797;0.0977845013757797;0.0977845013757797;0.8427543162318509;cluster_size;256;native;TAX;8
RNN_native_tau=8_rho=32;22.320198176424146;22620.0;0.4791081240690127;1302304092330332.5;0.5195593606273512;0.17936917201077568;47.857344759975774;1046873.0;0.1431926429079139;4.265984238956582e+16;1.0381551123058579;0.5058764043043166;0.11057724454803368;0.11057724454803368;0.11057724454803368;0.5009888203278184;0.10177959058908938;0.10177959058908938;0.10177959058908938;0.14762620421537972;cluster_size;32;native;TAX;8
RNN_native_tau=8_rho=32768;31.973880609336764;29.0;-24.018798882054742;1.2028491411196314;1.2028491411196314;1.0587308597110197;64.02255021421061;859333.0;-0.3658088074503296;1.5160399139521773e+17;2.467386988709364;0.5005607079304221;0.10100892555828377;0.10100892555828378;0.10100892555828378;0.5209835876069109;0.13777012323554394;0.13777012323554394;0.13777012323554394;1.1823251603341474;cluster_size;32768;native;TAX;8
RNN_native_tau=8_rho=4;42.58842206759139;180960.0;0.32959462367215697;1.7726879687593258e+16;1.382610431964504;0.07112520694760101;44.37210872379673;1161924.0;0.21514520330697373;5.325726474326818e+16;1.1039909572052038;0.5070087032152145;0.11261532635637565;0.11261532635637565;0.11261532635637565;0.5021125944359113;0.10380232718259433;0.10380232718259433;0.10380232718259433;0.12710052270251165;cluster_size;4;native;TAX;8
RNN_native_tau=8_rho=4096;8.152369286120724;203.0;0.3771285523554708;0.38947094043181707;0.38947094043181707;0.15444626991629554;53.619726849499905;865759.0;0.004292755758851463;7.872507341103443e+16;1.290196162454161;0.5010818481363863;0.101946289344499;0.101946289344499;0.101946289344499;0.5015887940006061;0.10285879295408604;0.10285879295408604;0.10285879295408604;0.18985796988298895;cluster_size;4096;native;TAX;8
RNN_native_tau=8_rho=512;17.166401519071492;1421.0;-0.001931158675119837;0.7109567116243262;0.7109567116243262;0.5881366439437076;53.639474767904304;864884.0;0.008893674621260228;2.5631092225022884e+16;0.9213975387366502;0.5025131283387141;0.10452317084451022;0.10452317084451022;0.10452317084451022;0.4996610963815608;0.09938951068356304;0.09938951068356304;0.09938951068356304;0.5532103151950181;cluster_size;512;native;TAX;8
RNN_native_tau=8_rho=64;27.772559339211988;11310.0;-0.22929904255631214;157774554427731.06;0.869072788334967;0.7321299168051651;53.33238611007504;990898.0;-0.007105004935746617;1.6633172161125712e+16;0.9149073878980171;0.5049348408994044;0.1088819142387147;0.1088819142387147;0.1088819142387147;0.4980499030129318;0.09648901492597564;0.09648901492597564;0.09648901492597564;0.7364875555040853;cluster_size;64;native;TAX;8
RNN_native_tau=8_rho=65536;41.15196872233281;29.0;-104.50803782330759;1.5707030417881789;1.5707030417881789;1.5277861331523712;67.24816297902981;1611690.0;-0.5552431345918873;1.7155883220271424e+17;2.932906250934744;0.5005759999338169;0.1010367998808704;0.1010367998808704;0.1010367998808704;0.5201275955329154;0.13622967195924773;0.13622967195924773;0.13622967195924773;1.5637033633018276;cluster_size;65536;native;TAX;8
RNN_native_tau=8_rho=8;39.40597412714645;90480.0;0.31061023651155906;8063982056322920.0;1.1939138020299742;0.14400278450979415;45.58353083700303;1150564.0;0.1893992165536773;4.454240405261993e+16;1.0735732555049704;0.5064386013225184;0.11158913920178;0.11158913920178;0.11158913920178;0.5024357211802365;0.10438395216242526;0.10438395216242526;0.10438395216242526;0.05040244503392682;cluster_size;8;native;TAX;8
RNN_native_tau=8_rho=8192;14.608483852684055;116.0;-1.4144816475214643;0.6397745242394454;0.6397745242394454;0.5185881475747861;55.36417586958794;979044.0;-0.049993407344083085;3.402692007621759e+16;1.0177231280981762;0.5011044828010564;0.10198766138257884;0.10198766138257884;0.10198766138257884;0.5027784574546998;0.10500081712698152;0.10500081712698152;0.10500081712698152;0.5245039158701421;cluster_size;8192;native;TAX;8
RNN_native_tau=8_rho=None;18.101196616833555;29.0;-17.799726775618282;0.6691981079672631;0.6691981079672631;0.6530543618473282;56.33228460567786;1698057.0;-0.10771672581085844;1.1072988902739965e+17;1.808169570302652;0.4996125295811766;0.09930214069079238;0.09930214069079238;0.09930214069079238;0.5020336062444429;0.1036600806807809;0.10366008068078088;0.10366008068078088;0.6618661921679272;cluster_size;;native;TAX;8
RNN_native_tau=9_rho=1;42.67228554128332;706496.0;0.3445312680647743;3.0768898177374944e+16;0.9782944677846921;0.11662433940173217;44.545958387760976;716259.0;0.2803574712602054;3.254420228642904e+16;1.038854238699053;0.5074352426646676;0.11338219895287957;0.11338219895287957;0.11338219895287957;0.4998029089342258;0.09964397905759162;0.09964397905759162;0.09964397905759162;0.11572331338154287;cluster_size;1;native;TAX;9
RNN_native_tau=9_rho=1024;12.394846280670919;700.0;0.2710731700068415;0.5286033185154564;0.5286033185154564;0.3896010061596613;52.83453242121351;803750.0;0.020500302361889374;3.771332510789647e+16;1.0077368762648904;0.5025401762571281;0.10457231726283048;0.10457231726283048;0.10457231726283048;0.5003006739243131;0.1005412130637636;0.1005412130637636;0.1005412130637636;0.3746262161724863;cluster_size;1024;native;TAX;9
RNN_native_tau=9_rho=128;18.047952124764162;5544.0;0.263670817832142;108158932235500.84;0.6468107797607999;0.5170196792843506;51.21184535460781;920380.0;0.044442058900118535;2.677539123220681e+16;0.9488060379144851;0.5041420089769685;0.1074556161585432;0.1074556161585432;0.1074556161585432;0.4993915556617919;0.09890480019122536;0.09890480019122536;0.09890480019122536;0.5771609657353823;cluster_size;128;native;TAX;9
RNN_native_tau=9_rho=131072;68.20803770907415;28.0;-276.1372175868755;2.842081671528183;2.842081671528183;2.7593610893793703;85.91770815375618;1677532.0;-1.6300468780602886;2.5366159587947462e+17;4.373229038905883;0.5007872684790053;0.10141696422716734;0.10141696422716732;0.10141696422716732;0.51914428168599;0.13445959237688745;0.13445959237688745;0.13445959237688745;2.8440560691592496;cluster_size;131072;native;TAX;9
RNN_native_tau=9_rho=16;34.527849792539264;44156.0;0.3189284624770392;3586306926358209.0;0.9397545069361588;0.08082236252858405;46.5016886794343;1078757.0;0.16387190225533088;4.854835603157322e+16;1.1047857369703729;0.5057142742348529;0.11028505214368482;0.11028505214368482;0.11028505214368482;0.501166833197838;0.10209965237543453;0.10209965237543453;0.10209965237543453;0.005032375682798916;cluster_size;16;native;TAX;9
RNN_native_tau=9_rho=16384;13.347872362717421;56.0;-1.5204686879620457;0.538041399498786;0.538041399498786;0.4269607182866173;55.210058328819244;872641.0;-0.041878562376648;1.0016008513245693e+17;1.612124190990571;0.5003794997071375;0.1006829849651632;0.1006829849651632;0.1006829849651632;0.5041101963759059;0.1073982398239824;0.1073982398239824;0.1073982398239824;0.4806724553020398;cluster_size;16384;native;TAX;9
RNN_native_tau=9_rho=2;47.333759117312546;353248.0;0.3316032326005187;2.758649856767084e+16;1.130368330357253;0.14957580983114208;40.46556003872922;1083631.0;0.28043905993158225;3.773586104906318e+16;0.9630719090053396;0.5085192559043104;0.11533456991777635;0.11533456991777635;0.11533456991777635;0.5060942791979289;0.11096961139872466;0.11096961139872466;0.11096961139872466;0.028684982502630456;cluster_size;2;native;TAX;9
RNN_native_tau=9_rho=2048;13.053375363708286;364.0;-0.14402633300984413;0.6616531770610685;0.6616531770610685;0.4417549513631138;54.43670155247858;816481.0;-0.009555076533995566;4.188441198608353e+16;1.0584495060390906;0.5025462279069449;0.1045830883793847;0.10458308837938468;0.10458308837938468;0.501491565215971;0.10268469527728788;0.10268469527728788;0.10268469527728788;0.4130505381446119;cluster_size;2048;native;TAX;9
RNN_native_tau=9_rho=256;19.7242595139019;2772.0;-0.1030394760988087;33701259721935.906;1.025365570829547;0.6552108123726381;52.138399146399905;893523.0;-0.012844032854080869;3.4245499533491504e+16;1.068460945048305;0.5033937547643942;0.1061084251052019;0.1061084251052019;0.1061084251052019;0.4996258867695929;0.09932626018443907;0.09932626018443907;0.09932626018443907;0.7114005105827609;cluster_size;256;native;TAX;9
RNN_native_tau=9_rho=32;32.278315380509355;22092.0;0.21448361866343246;468534752834107.7;0.4996701769162669;0.3837278635295248;48.581617784024544;1022826.0;0.11928235793596853;3.253217976516462e+16;0.9325329924235062;0.5053059154697683;0.10955006746055024;0.10955006746055024;0.10955006746055024;0.4986847917058943;0.0976320369175417;0.0976320369175417;0.0976320369175417;0.32785447538355;cluster_size;32;native;TAX;9
RNN_native_tau=9_rho=32768;33.169665276104396;28.0;-22.96799314963679;1.0544668076970232;1.0544668076970232;0.4246687329589819;62.91484684051765;799984.0;-0.31500759780150145;9.900279935568525e+16;2.08509884820412;0.5006058481415673;0.10109002725068128;0.10109002725068128;0.10109002725068128;0.5038489829737611;0.10692767319182978;0.1069276731918298;0.1069276731918298;0.2801731349718681;cluster_size;32768;native;TAX;9
RNN_native_tau=9_rho=4;39.95579592284413;176624.0;0.3635489562912024;1.7459921811928138e+16;1.4906856553987409;0.06747631215303065;43.277441050958345;1129594.0;0.2283538424118753;4.850034487118869e+16;1.094347606015613;0.5068665004831657;0.1123593516231553;0.1123593516231553;0.1123593516231553;0.5036401590579407;0.10655193477279366;0.10655193477279366;0.10655193477279366;0.08064078115352409;cluster_size;4;native;TAX;9
RNN_native_tau=9_rho=4096;13.868405320712759;196.0;-0.36430489791652976;0.5531491340316957;0.5531491340316957;0.4642994921608711;54.36876408005646;833913.0;-0.01608355227006131;3.671753530830912e+16;0.9983408417617806;0.5010121658423194;0.10182153949466967;0.10182153949466967;0.10182153949466967;0.5035237601477592;0.10634241105155233;0.10634241105155233;0.10634241105155233;0.4144210596878394;cluster_size;4096;native;TAX;9
RNN_native_tau=9_rho=512;20.98384477513863;1400.0;-0.5082257668057393;0.8674136432284869;0.8674136432284869;0.7105501000662585;55.09491220457553;846595.0;-0.05254048683557544;2.654775251182869e+16;0.972693434107574;0.5028555716603552;0.10513944176047438;0.10513944176047438;0.10513944176047438;0.4988525871400777;0.09793406489564016;0.09793406489564016;0.09793406489564016;0.7492966071821975;cluster_size;512;native;TAX;9
RNN_native_tau=9_rho=64;37.153100121654745;11060.0;-0.2263323810085771;206406470227448.62;0.9602838912131836;0.7705123563735558;53.02620394412516;965304.0;-0.04602688981949665;2.21765274313204e+16;0.9536834772222056;0.5041555283181588;0.107479540039366;0.107479540039366;0.107479540039366;0.4993268647264802;0.09878794157256812;0.09878794157256812;0.09878794157256812;0.8383902451863318;cluster_size;64;native;TAX;9
RNN_native_tau=9_rho=65536;45.81602484798954;28.0;-75.76728639714001;1.880861263223196;1.880861263223196;1.5995985076868893;69.70206410679421;1436158.0;-0.7186410924255568;1.8080186703229165e+17;3.0312040498983266;0.5010544388772648;0.10189743411203564;0.10189743411203564;0.10189743411203564;0.5238507126826801;0.1429307523587369;0.1429307523587369;0.1429307523587369;1.7075830098383564;cluster_size;65536;native;TAX;9
RNN_native_tau=9_rho=8;34.53677856429384;88312.0;0.3754950175646741;8188606968469155.0;1.4363664397869986;0.05316809176649048;44.72455412947968;1119245.0;0.1931126273189463;5.149928857887021e+16;1.1445300611560674;0.5062872493391076;0.11131660769808084;0.11131660769808084;0.11131660769808084;0.5022517748879207;0.1040527500804117;0.1040527500804117;0.1040527500804117;0.08268398536116225;cluster_size;8;native;TAX;9
RNN_native_tau=9_rho=8192;5.756503278548503;112.0;0.7067019218475952;0.2531013937753316;0.2531013937753316;0.046371522058652304;53.647269985304185;913034.0;0.023398382947825702;6.80013331547669e+16;1.2280892633459906;0.5019272814793898;0.10346867025179897;0.10346867025179897;0.10346867025179897;0.5020854847959646;0.10375343636025104;0.10375343636025104;0.10375343636025104;0.05099687346303729;cluster_size;8192;native;TAX;9
RNN_native_tau=9_rho=None;21.75888887229757;28.0;-27.203120949488806;0.8149090217353184;0.8149090217353184;0.8097584881741745;56.74341354572011;1677532.0;-0.14717332172326136;1.1805972329858176e+17;1.924263927615797;0.5006415516142918;0.10115467383593736;0.10115467383593736;0.10115467383593736;0.5037579054710071;0.10676411152110543;0.10676411152110543;0.10676411152110543;0.8000413399722575;cluster_size;;native;TAX;9
