experiment;cluster_rmse;cluster_count;cluster_r2;cluster_mape;cluster_mape0;cluster_turnover;consumer_id_rmse;consumer_id_count;consumer_id_r2;consumer_id_mape;consumer_id_mape0;consumer_id_top_decile_accuracy;consumer_id_top_decile_f1;consumer_id_top_decile_precision;consumer_id_top_decile_recall;consumer_id_bottom_decile_accuracy;consumer_id_bottom_decile_f1;consumer_id_bottom_decile_precision;consumer_id_bottom_decile_recall;consumer_id_turnover;consumer_id_turnover_drop_absolute_accuracy;consumer_id_turnover_drop_relative_accuracy;consumer_id_turnover_drop_absolute_recall;consumer_id_turnover_drop_relative_recall;consumer_id_turnover_drop_absolute_precision;consumer_id_turnover_drop_relative_precision;consumer_id_turnover_drop_absolute_f1;consumer_id_turnover_drop_relative_f1;clustering_parameter_type;clustering_parameter;clustering_method;model_type;tau
RNN_native_tau=2_rho=1;69.24574528742933;19469.0;-0.2859457158087325;5.5464439868357864e+16;530787882408.0308;0.24452734325890535;53.274264890562144;20555.2;0.22777309475908566;3.4823100975436904e+16;122558579681.48997;0.6846743138356078;0.43239960338270184;0.43239960338270184;0.43239960338270184;0.5210858796507261;0.1379330086602689;0.1379330086602689;0.1379330086602689;0.252015516546611;0.8291934146376609;0.5690937316583917;0.6925405403962352;0.22434914488926527;0.6925405403962352;0.22434914488926527;0.6925405403962352;0.22434914488926527;cluster_size;1;native;TAX;2
RNN_native_tau=2_rho=1024;7.515794440546805;20.0;0.726354187997473;0.21443794964124285;0.21443794964124285;0.14134733231444058;59.13501026503188;24662.285714285714;0.05500665671731705;6.115701088926169e+16;401631360880.5567;0.5633424234599749;0.2140020962535189;0.2140020962535189;0.2140020962535189;0.5266260648141524;0.14791154848341126;0.14791154848341126;0.14791154848341126;0.12088053906873336;0.8000453458408124;0.5326123895001972;0.6400750682637957;0.15868708080707644;0.6400750682637957;0.15868708080707644;0.6400750682637957;0.15868708080707644;cluster_size;1024;native;TAX;2
RNN_native_tau=2_rho=128;20.152154805509266;153.0;0.31721889805960896;230779619556234.22;0.42838912852302286;0.37258542863002625;57.72075375971984;27417.942857142858;0.05940244389881182;3.770460407704906e+16;109037499788.07796;0.5940381635393065;0.269253733118569;0.269253733118569;0.269253733118569;0.5215299005873086;0.13873621723296373;0.13873621723296373;0.13873621723296373;0.3562207599224701;0.8064518081770019;0.5708797278919154;0.6516062497609225;0.22756757674703823;0.6516062497609225;0.22756757674703823;0.6516062497609225;0.22756757674703823;cluster_size;128;native;TAX;2
RNN_native_tau=2_rho=131072;5.680919399757578;1.0;;0.1664450425509449;0.1664450425509449;0.1664450425509449;61.82828935030072;37164.142857142855;-0.01396445430781163;6.719110325116047e+16;403514531201.979;0.49962054443328846;0.0993070331945632;0.0993070331945632;0.0993070331945632;0.7213017047810902;0.4983374409359056;0.4983374409359056;0.4983374409359056;0.1664450425509448;0.7864375750655087;0.5127827755656972;0.6155833085533454;0.12299946811302746;0.6155833085533454;0.12299946811302746;0.6155833085533454;0.12299946811302746;cluster_size;131072;native;TAX;2
RNN_native_tau=2_rho=16;47.613634470139836;1217.0;0.27576784651098574;6559224706233907.0;0.8859941931679164;0.18608010760702054;55.656533350161354;32715.457142857143;0.11740169266715698;5.7807515734142824e+16;204520864872.57718;0.6129947567092959;0.3033800534226552;0.3033800534226552;0.3033800534226552;0.5170738656814097;0.13071986233450655;0.13071986233450655;0.13071986233450655;0.08940106170488611;0.8042826651911101;0.5345316616601882;0.6477033496703576;0.16214437886187735;0.6477033496703576;0.16214437886187735;0.6477033496703576;0.16214437886187735;cluster_size;16;native;TAX;2
RNN_native_tau=2_rho=16384;14.829031088455434;2.0;-15334.205374030966;0.5030177004388758;0.5030177004388758;0.465915322047372;62.55662380077785;26393.685714285715;-0.06542623989441812;1.0357159221618715e+17;748353291863.7886;0.49644100934010477;0.09357624741555992;0.09357624741555992;0.09357624741555992;0.6610229352623757;0.38982946161464416;0.38982946161464416;0.38982946161464416;0.4287652227824324;0.7886423332418561;0.5140615521616237;0.6195489622735474;0.12529386866254388;0.6195489622735474;0.12529386866254388;0.6195489622735474;0.12529386866254388;cluster_size;16384;native;TAX;2
RNN_native_tau=2_rho=2;64.85608082310755;5644.0;0.2510575268923939;2.4938637966338228e+16;1.0684454930495606;0.1980368390887827;55.65960142327165;36374.54285714286;0.16537564232969137;4.894210316318624e+16;111423425808.59798;0.6393928763434743;0.3508991497798091;0.3508991497798091;0.3508991497798091;0.5192232973710783;0.13459115536030292;0.13459115536030292;0.13459115536030292;0.14101357445038126;0.8110144942468135;0.5549137016259321;0.659821843850802;0.19883480816392085;0.659821843850802;0.19883480816392085;0.659821843850802;0.19883480816392085;cluster_size;2;native;TAX;2
RNN_native_tau=2_rho=2048;8.652807693331463;10.0;0.5173221858480853;0.288215413144538;0.288215413144538;0.13741728263652336;60.385101413286804;23912.485714285714;0.02793510219034818;6.741671001762357e+16;408418026094.90674;0.546258496174348;0.18325048278887296;0.18325048278887296;0.18325048278887296;0.5446300704075661;0.18031918048221965;0.18031918048221965;0.18031918048221965;0.1209719926154157;0.7996181365114172;0.5400557690435187;0.639306149576425;0.172085272420364;0.639306149576425;0.172085272420364;0.639306149576425;0.172085272420364;cluster_size;2048;native;TAX;2
RNN_native_tau=2_rho=256;20.311488814515805;77.0;0.17307342530593053;22413091838594.215;0.5285408291479726;0.4348435444123135;59.237649049468345;26103.22857142857;0.03181372323196089;3.42207677291968e+16;75533493567.39383;0.586387098177301;0.25548283827146484;0.25548283827146484;0.25548283827146484;0.5250371153662567;0.14505076241158288;0.14505076241158288;0.14505076241158288;0.4309205951727982;0.8074662353819017;0.5795183390129007;0.6534327483228539;0.24311873107782686;0.6534327483228539;0.24311873107782686;0.6534327483228539;0.24311873107782686;cluster_size;256;native;TAX;2
RNN_native_tau=2_rho=32;31.104353306406335;609.0;0.43992898908606864;2669119843164186.5;0.5931947799644228;0.1266044365322269;55.186210304942904;31516.628571428573;0.11770538913851211;6.188293589469837e+16;281264945060.2723;0.6109121874262311;0.29963033819451573;0.29963033819451573;0.29963033819451573;0.5199525617263935;0.1359003248251968;0.1359003248251968;0.1359003248251968;0.09440389892861067;0.8055021458227787;0.5355724124005672;0.6498979850958472;0.16401650336583262;0.6498979850958472;0.16401650336583262;0.6498979850958472;0.16401650336583262;cluster_size;32;native;TAX;2
RNN_native_tau=2_rho=32768;54.25507856366567;1.0;;1.6024423582393235;1.6024423582393235;1.6024423582393235;83.23694453428156;24282.2;-0.8421941894308022;1.9461827172085914e+17;1740621011020.7893;0.4995058317829802;0.09909011556106373;0.09909011556106373;0.09909011556106373;0.7174725353041795;0.4914392700182749;0.4914392700182749;0.4914392700182749;1.6024423582393237;0.7835103302900192;0.5147607374999492;0.6103099891271978;0.12654958854652718;0.6103099891271978;0.12654958854652718;0.6103099891271978;0.12654958854652718;cluster_size;32768;native;TAX;2
RNN_native_tau=2_rho=4;64.18632968385363;4867.571428571428;0.2534217205918893;2.5292512553669296e+16;1.1120537900577607;0.17519402481270774;55.287176496958274;35504.828571428574;0.15899344418783107;6.117300380413367e+16;171563815531.17758;0.6366250718587243;0.3459161092904429;0.3459161092904429;0.3459161092904429;0.5171035167153094;0.1307743444682378;0.1307743444682378;0.1307743444682378;0.09890020500802564;0.8093062773922224;0.5442630139002421;0.6567464721384177;0.17966214882904283;0.6567464721384177;0.17966214882904283;0.6567464721384177;0.17966214882904283;cluster_size;4;native;TAX;2
RNN_native_tau=2_rho=4096;6.240308822149745;5.0;0.4790096503879197;0.17790836377298963;0.17790836377298963;0.13240935865857212;59.735540640895984;21715.542857142857;0.016044857895829982;6.33615827798307e+16;110797809721.99608;0.5289196052811693;0.15202984588650148;0.15202984588650148;0.15202984588650148;0.5760896693757801;0.23693899160485793;0.23693899160485793;0.23693899160485793;0.12137041389327073;0.7991975343481007;0.5264285419721215;0.6385449344602706;0.14754528611370155;0.6385449344602706;0.14754528611370155;0.6385449344602706;0.14754528611370155;cluster_size;4096;native;TAX;2
RNN_native_tau=2_rho=512;13.2506161199621;39.0;0.5470675230034531;0.25834562197881944;0.25834562197881944;0.22625727884032826;58.77279616058903;24961.942857142858;0.0574854306879431;4.789773008380919e+16;153266435236.324;0.5788019277954614;0.24183216296838914;0.24183216296838914;0.24183216296838914;0.5217739801296633;0.1391803393256316;0.1391803393256316;0.1391803393256316;0.2233153641497699;0.8056111646877244;0.5461193542010396;0.6500948609895656;0.18300273523195026;0.6500948609895656;0.18300273523195026;0.6500948609895656;0.18300273523195026;cluster_size;512;native;TAX;2
RNN_native_tau=2_rho=64;25.120467519834172;305.0;0.5980736952611279;1055409650062536.5;0.4175716465311722;0.1000689514118771;55.645560429584876;29949.114285714284;0.11056637294305764;6.125087037980508e+16;285935423787.19476;0.6034299525174542;0.28616017162962093;0.28616017162962093;0.28616017162962093;0.5210439325503544;0.13786250925403098;0.13786250925403098;0.13786250925403098;0.0883159115666511;0.803157001272213;0.5404610196435372;0.645675789828891;0.1728138769256046;0.645675789828891;0.1728138769256046;0.645675789828891;0.1728138769256046;cluster_size;64;native;TAX;2
RNN_native_tau=2_rho=65536;8.518961685501743;1.0;;0.2658076473178307;0.2658076473178307;0.2658076473178307;62.33105495645043;37164.142857142855;-0.03343030264215819;9.184606460785867e+16;475676152649.0849;0.49962054443328846;0.0993070331945632;0.0993070331945632;0.0993070331945632;0.7213017047810902;0.4983374409359056;0.4983374409359056;0.4983374409359056;0.2658076473178307;0.7864375750655087;0.5127787003485997;0.6155833085533454;0.12299213270132747;0.6155833085533454;0.12299213270132747;0.6155833085533454;0.12299213270132747;cluster_size;65536;native;TAX;2
RNN_native_tau=2_rho=8;56.881092276695625;2434.0;0.254621189276262;1.6064526423162284e+16;1.0150266629053106;0.168667888907938;54.96008862867212;33461.22857142857;0.12640694478350537;5.318863486135804e+16;66173817369.47904;0.6170430258231394;0.3106693084129957;0.3106693084129957;0.3106693084129957;0.5183325449190559;0.13298834944271495;0.13298834944271495;0.13298834944271495;0.10268207986587702;0.8047905511445161;0.5567898428952969;0.6486187591652418;0.2022124411616081;0.6486187591652418;0.2022124411616081;0.6486187591652418;0.20221244116160808;cluster_size;8;native;TAX;2
RNN_native_tau=2_rho=8192;12.620249050596092;3.0;-11.691759651318389;0.3149883009258856;0.3149883009258856;0.29310447550585367;60.68837854664687;24020.82857142857;-0.05331013775999762;5.539012008212237e+16;489886399698.0848;0.49203254814127656;0.08563710786564863;0.08563710786564863;0.08563710786564863;0.5995330153273245;0.27914247853819474;0.27914247853819474;0.27914247853819474;0.4045716706400805;0.7943640461516562;0.53217101194944;0.6298468757217672;0.15788832510217765;0.6298468757217672;0.15788832510217765;0.6298468757217672;0.15788832510217765;cluster_size;8192;native;TAX;2
RNN_native_tau=2_rho=None;57.70910510662967;1.0;;1.7368428650027212;1.7368428650027212;1.7368428650027212;84.47724638406541;37164.142857142855;-0.9061694124636811;5.64314732176055e+16;289452507506.5709;0.49962054443328846;0.0993070331945632;0.0993070331945632;0.0993070331945632;0.7213017047810902;0.4983374409359056;0.4983374409359056;0.4983374409359056;1.7368428650027214;0.7864375750655087;0.5604500529140202;0.6155833085533454;0.20880147906411142;0.6155833085533454;0.20880147906411142;0.6155833085533454;0.20880147906411142;cluster_size;;native;TAX;2
RNN_native_tau=3_rho=1;50.60479716636053;21557.0;0.2686342245088159;3.3222599651246864e+16;1317841014.0140567;0.2064552608683184;49.84434095944578;22463.323529411766;0.2712071862129097;3.231007938243844e+16;1305927024.0998337;0.7014600928480053;0.462614603273637;0.462614603273637;0.462614603273637;0.5222987210917376;0.14011605343627065;0.14011605343627065;0.14011605343627065;0.2097643645537268;0.8329512443858924;0.6100167972526103;0.6993047065571152;0.2980123858550426;0.6993047065571152;0.2980123858550426;0.6993047065571152;0.2980123858550426;cluster_size;1;native;TAX;3
RNN_native_tau=3_rho=1024;9.853013042326367;22.0;0.5058114324142161;0.3048312480691126;0.3048312480691126;0.2573213001961043;56.693853621121995;26729.29411764706;0.030965195164846193;4.928305177950727e+16;1.0838559089532795;0.5676257504651216;0.22170888480664652;0.22170888480664652;0.22170888480664652;0.5275122523688174;0.14950284630054878;0.14950284630054878;0.14950284630054878;0.23121664294144473;0.8056035878899968;0.5501155181830031;0.6500787354090352;0.19018954064923502;0.6500787354090352;0.19018954064923502;0.6500787354090352;0.19018954064923502;cluster_size;1024;native;TAX;3
RNN_native_tau=3_rho=128;12.070715748627869;169.0;0.6923118619583953;291989890358921.94;0.27381934229226834;0.17709396574897476;54.056559848322195;29129.29411764706;0.1099742087065149;4.734885510454046e+16;3909272409.537308;0.6174554136930375;0.3114081737285864;0.3114081737285864;0.3114081737285864;0.517401419999804;0.13130807608352987;0.13130807608352987;0.13130807608352987;0.15243175795752162;0.8169202420289752;0.5669476486324233;0.6704508564809928;0.22049273798992722;0.6704508564809928;0.22049273798992722;0.6704508564809928;0.22049273798992722;cluster_size;128;native;TAX;3
RNN_native_tau=3_rho=131072;33.737846533319455;1.0;;1.1297239188586234;1.1297239188586234;1.1297239188586234;68.5028855278164;43955.970588235294;-0.3604796201094262;1.5361918180221862e+17;13222934373.818134;0.49899566759005803;0.09818245242490464;0.09818245242490464;0.09818245242490464;0.7406679773104914;0.5331972573232814;0.5331972573232814;0.5331972573232814;1.1297239188586234;0.7913084876538231;0.5248553728858539;0.6243511502172705;0.14473054305825164;0.6243511502172705;0.14473054305825164;0.6243511502172705;0.14473054305825164;cluster_size;131072;native;TAX;3
RNN_native_tau=3_rho=16;32.34443901971319;1348.0;0.37164519678647784;5592988907175413.0;0.8291484413230634;0.11726027889447262;51.93679723795795;34346.73529411765;0.13238773394019376;5.548659278284587e+16;524548668.2042362;0.633119001028949;0.3396041422383884;0.33960414223838836;0.33960414223838836;0.516546998315754;0.1297713671006445;0.1297713671006445;0.1297713671006445;0.09158578768188522;0.8187034536771934;0.5637404073071587;0.6736612515853766;0.21472073474731562;0.6736612515853766;0.21472073474731562;0.6736612515853766;0.21472073474731562;cluster_size;16;native;TAX;3
RNN_native_tau=3_rho=16384;8.577922984721447;2.0;-206.93025713058265;0.3082218117106019;0.3082218117106019;0.28800174224411584;59.516963293329525;29720.676470588234;-0.021378584918332017;8.909677400462245e+16;1.616358742856544;0.49672172536599984;0.09408177221673053;0.09408177221673053;0.09408177221673053;0.6722135273214039;0.40997335543490054;0.40997335543490054;0.40997335543490054;0.2579032566321518;0.7939934086900697;0.5286713737456258;0.6291813308337868;0.15159224611073363;0.6291813308337868;0.15159224611073363;0.6291813308337868;0.15159224611073363;cluster_size;16384;native;TAX;3
RNN_native_tau=3_rho=2;57.86881263672317;10779.0;0.28840465347998717;2.8745725150277016e+16;1.0250133626931235;0.20884408903746862;50.96601148571862;40923.617647058825;0.21984594382132505;4.518254247640831e+16;2373643526.17375;0.6745167981909501;0.4141229515879706;0.4141229515879706;0.4141229515879706;0.5148323279656616;0.12668733671935903;0.12668733671935903;0.12668733671935903;0.13293999730128303;0.8309546449003151;0.5793652389019113;0.6957145656752639;0.24284807758315477;0.6957145656752639;0.24284807758315477;0.6957145656752639;0.24284807758315477;cluster_size;2;native;TAX;3
RNN_native_tau=3_rho=2048;10.202973015947435;11.0;0.14784030132146078;0.31541201369881516;0.31541201369881516;0.27869080486010683;57.53241507044744;23890.735294117647;0.004363610762877328;4.739537626438794e+16;9511405785.028065;0.539704630782058;0.17144842091622362;0.17144842091622362;0.17144842091622362;0.5422828631146102;0.17608939727199927;0.17608939727199927;0.17608939727199927;0.28512834174501817;0.8041882101443152;0.5407331260943293;0.6475304200865192;0.1732996708825948;0.6475304200865192;0.1732996708825948;0.6475304200865192;0.1732996708825948;cluster_size;2048;native;TAX;3
RNN_native_tau=3_rho=256;9.557027689988436;85.0;0.7437498025180151;128758287347875.83;0.22813688756597367;0.15350203141930505;54.48603742407449;27997.20588235294;0.09155819275353688;4.95537525142675e+16;6369336439.584108;0.6031812718038431;0.28571422236762833;0.28571422236762833;0.28571422236762833;0.5191574692545438;0.13446880378632337;0.13446880378632337;0.13446880378632337;0.1439264386391987;0.815618223358098;0.564104649457317;0.6681072289674054;0.21537511523326153;0.6681072289674054;0.21537511523326153;0.6681072289674054;0.21537511523326153;cluster_size;256;native;TAX;3
RNN_native_tau=3_rho=32;33.56493597982976;674.0;0.026078559788775015;575129307682339.8;0.5790950285336418;0.5180181111134204;54.64387230637207;32759.029411764706;0.054468833515029125;2.6700447913459124e+16;1597307485.654063;0.627075382883064;0.32872703798262787;0.32872703798262787;0.32872703798262787;0.516720952432256;0.13008657623272074;0.13008657623272074;0.13008657623272074;0.4832703716352528;0.8203455970102266;0.606587846166946;0.6766178239943603;0.29184905509833076;0.6766178239943603;0.29184905509833076;0.6766178239943603;0.29184905509833076;cluster_size;32;native;TAX;3
RNN_native_tau=3_rho=32768;54.506058950144116;1.0;;1.7923526380199295;1.7923526380199295;1.7923526380199295;81.62337722644392;25292.647058823528;-1.002512689617534;6.733412274201146e+16;6129268256.73209;0.4989748573351185;0.09813181092931056;0.09813181092931056;0.09813181092931056;0.7420535386675023;0.5356848731255135;0.5356848731255135;0.5356848731255135;1.7923526380199295;0.7919197307295792;0.585524922250037;0.625446561919055;0.25392612522751346;0.625446561919055;0.25392612522751346;0.625446561919055;0.2539261252275135;cluster_size;32768;native;TAX;3
RNN_native_tau=3_rho=4;55.046689832887026;5390.0;0.2768898239706428;2.272315263544716e+16;1.1098668575542854;0.1859549421665631;50.292031131637756;35969.64705882353;0.17981153924347448;5.0872821913053544e+16;2628267770.2596717;0.6577766948869718;0.38398982634064616;0.38398982634064616;0.38398982634064616;0.5141963593742398;0.12554174508171512;0.12554174508171512;0.12554174508171512;0.08333963844626438;0.8306163851196816;0.5823950858356917;0.6951054166647005;0.24830112432944393;0.6951054166647005;0.24830112432944393;0.6951054166647005;0.24830112432944393;cluster_size;4;native;TAX;3
RNN_native_tau=3_rho=4096;9.071734060715343;6.0;-0.3331734103124155;0.2679285053924272;0.2679285053924272;0.20595890915726628;59.12098938876117;25968.91176470588;-0.009640969693027438;5.831966183073072e+16;1.157487166192409;0.5123964770269951;0.12229348577760171;0.12229348577760171;0.12229348577760171;0.5590224008150821;0.20622217308368687;0.20622217308368687;0.20622217308368687;0.18952801849463874;0.7933312750161967;0.5241409372735897;0.6279878205197588;0.14343356569425453;0.6279878205197588;0.14343356569425453;0.6279878205197588;0.14343356569425453;cluster_size;4096;native;TAX;3
RNN_native_tau=3_rho=512;7.652671709825487;43.0;0.7766990358965815;59139495974628.63;0.22328441092895424;0.15863024963966543;55.697036138428324;27037.79411764706;0.07553828716671043;5.0086143182993944e+16;6348735725.284962;0.5909499936587675;0.26369707600331893;0.26369707600331893;0.26369707600331893;0.5251846778931234;0.14531747315112292;0.14531747315112292;0.14531747315112292;0.15727398480685453;0.8130629676521952;0.5631820686540442;0.6635074037265701;0.21371378449250564;0.6635074037265701;0.21371378449250564;0.6635074037265701;0.2137137844925056;cluster_size;512;native;TAX;3
RNN_native_tau=3_rho=64;18.393873011179377;337.0;0.6315007193029589;521068074135658.8;0.39136001640910917;0.11479200031699878;53.032799850525784;30605.764705882353;0.1259365175453278;5.397159047234992e+16;3136941947.570262;0.6250509926877639;0.3250818040298398;0.3250818040298398;0.3250818040298398;0.5178142471437367;0.1320529029910807;0.1320529029910807;0.1320529029910807;0.0755749572297051;0.8226474520676784;0.5708125082242804;0.6807607552754034;0.22745109965732238;0.6807607552754034;0.22745109965732238;0.6807607552754034;0.22745109965732238;cluster_size;64;native;TAX;3
RNN_native_tau=3_rho=65536;18.561490854915835;1.0;;0.6100195082211429;0.6100195082211429;0.6100195082211429;61.91831233029967;43955.970588235294;-0.10185660707256357;2.82546116878971e+16;1160429695.0572786;0.49899566759005803;0.09818245242490464;0.09818245242490464;0.09818245242490464;0.7406679773104914;0.5331972573232814;0.5331972573232814;0.5331972573232814;0.6100195082211428;0.7913084876538231;0.5248587734279627;0.6243511502172705;0.1447366641331124;0.6243511502172705;0.1447366641331124;0.6243511502172705;0.1447366641331124;cluster_size;65536;native;TAX;3
RNN_native_tau=3_rho=8;43.581735656235516;2695.0;0.31530540283301595;1.1126533388807728e+16;0.9369423488906554;0.17456695627758756;50.99903890714482;35465.67647058824;0.15699954158187113;5.045478360554757e+16;1546661307.1118827;0.6422638431561635;0.3560654281034459;0.3560654281034459;0.3560654281034459;0.516619655684967;0.1299024950351213;0.1299024950351213;0.1299024950351213;0.08910193755948627;0.8256436540445775;0.5880269388328389;0.686153933788121;0.2584375769940008;0.686153933788121;0.2584375769940008;0.686153933788121;0.2584375769940008;cluster_size;8;native;TAX;3
RNN_native_tau=3_rho=8192;10.685290976461266;3.0;-61.99334194743189;0.32736781152400524;0.32736781152400524;0.23170130433128452;59.53024794360279;22734.735294117647;-0.025675535448741224;5.885428301397814e+16;12189685311.70192;0.5020940178410166;0.10374715865430204;0.10374715865430204;0.10374715865430204;0.599195104553744;0.2785336992859682;0.2785336992859682;0.2785336992859682;0.20137024089860744;0.7900882375570194;0.5240454355275167;0.6221496577268033;0.1432603678686716;0.6221496577268033;0.1432603678686716;0.6221496577268033;0.1432603678686716;cluster_size;8192;native;TAX;3
RNN_native_tau=3_rho=None;18.006767755479128;1.0;;0.6014303337991992;0.6014303337991992;0.6014303337991992;62.07639517044046;43955.970588235294;-0.11202984445697742;1.141502417186765e+17;10095888630.34741;0.49899566759005803;0.09818245242490464;0.09818245242490464;0.09818245242490464;0.7406679773104914;0.5331972573232814;0.5331972573232814;0.5331972573232814;0.6014303337991994;0.7913084876538231;0.5248553728858539;0.6243511502172705;0.14473054305825164;0.6243511502172705;0.14473054305825164;0.6243511502172705;0.14473054305825164;cluster_size;;native;TAX;3
RNN_native_tau=4_rho=1;48.07348235991057;22835.0;0.2947399745771792;3.303168460918115e+16;1635721241.2958527;0.15125967235954216;47.45576933447019;23600.696969696968;0.2969095290829629;3.242600225753362e+16;1627913882.9458916;0.7126118083344478;0.48268992013964956;0.48268992013964956;0.48268992013964956;0.5233416963953647;0.1419963312140366;0.1419963312140366;0.1419963312140366;0.15210428004534174;0.8426831440563849;0.6215581728009278;0.7168236116781486;0.3187895116115417;0.7168236116781486;0.3187895116115417;0.7168236116781486;0.3187895116115417;cluster_size;1;native;TAX;4
RNN_native_tau=4_rho=1024;17.277225006256394;23.0;-0.47998824021514114;0.6469448601365154;0.6469448601365154;0.5638851558915844;57.393620643371335;27733.878787878788;-0.0338091687886057;2.4318523220394732e+16;1.0361104291498904;0.5735578935493244;0.23239116685177796;0.23239116685177796;0.23239116685177796;0.5327509376453826;0.1589372632992198;0.1589372632992198;0.1589372632992198;0.5693496096613601;0.8123622164092602;0.5775426336703708;0.6622463116100273;0.23956345487472985;0.6622463116100273;0.23956345487472985;0.6622463116100273;0.23956345487472985;cluster_size;1024;native;TAX;4
RNN_native_tau=4_rho=128;16.020683286930385;179.0;0.7298345999016864;316621199109724.56;0.31755497185963844;0.09378461077892411;52.22145521870118;29854.666666666668;0.11532051085616332;5.6122167929922904e+16;6545274179.04366;0.6213867406576967;0.3184824549054523;0.3184824549054523;0.3184824549054523;0.5183980470156406;0.13309919123244912;0.13309919123244912;0.13309919123244912;0.07888267829720935;0.8160111493978535;0.5711599091805685;0.6688136427029192;0.22807197552249925;0.6688136427029192;0.22807197552249925;0.6688136427029192;0.22807197552249925;cluster_size;128;native;TAX;4
RNN_native_tau=4_rho=131072;37.297888675373684;1.0;;1.328225798495862;1.328225798495862;1.328225798495862;68.55475956348363;48607.21212121212;-0.4443768142646974;2.6616155006757996e+16;3375024064.5449195;0.498752326480439;0.0977455334180265;0.0977455334180265;0.0977455334180265;0.754156443618331;0.5574773450092102;0.5574773450092102;0.5574773450092102;1.328225798495862;0.7942162094435479;0.5940491992440455;0.6295856937038744;0.2692814404840478;0.6295856937038744;0.2692814404840478;0.6295856937038744;0.2692814404840478;cluster_size;131072;native;TAX;4
RNN_native_tau=4_rho=16;31.2706165725374;1428.0;0.42003779319836665;4885441378390645.0;0.8470522232992453;0.06957218853402515;49.7012504247018;35465.36363636364;0.1560896487525329;5.5792675589417864e+16;5993475622.033786;0.647735968535235;0.3659177433791354;0.3659177433791354;0.3659177433791354;0.5171967435598362;0.13094451115431568;0.13094451115431568;0.13094451115431568;0.12926849076727887;0.8266274266071977;0.5828733448769686;0.6879259481717912;0.24916358674053404;0.6879259481717912;0.24916358674053404;0.6879259481717912;0.24916358674053404;cluster_size;16;native;TAX;4
RNN_native_tau=4_rho=16384;10.491561706167328;2.0;-64.21864423259365;0.48500344076836976;0.48500344076836976;0.36965637765527887;57.897319093880746;28970.18181818182;-0.02590060105198105;8.36565501903664e+16;9274593426.939798;0.4955038207134506;0.09188895523137124;0.09188895523137124;0.09188895523137124;0.7094015383445057;0.47691225472887033;0.47691225472887033;0.47691225472887033;0.24234088813110863;0.7945846617623495;0.5315901044312351;0.6302453678379417;0.15684508538804368;0.6302453678379417;0.15684508538804368;0.6302453678379417;0.15684508538804368;cluster_size;16384;native;TAX;4
RNN_native_tau=4_rho=2;53.94854844187572;11418.0;0.3045035835453608;2.9924440454399492e+16;1.0282427744121423;0.19201554871183824;46.62843890773463;39575.606060606064;0.24369692278489993;3.914267126040747e+16;2830900366.645354;0.6883452267205703;0.43901493581433587;0.43901493581433587;0.43901493581433587;0.5159024549320106;0.12861434980262781;0.12861434980262781;0.12861434980262781;0.13852181405467542;0.8446583694271527;0.6122176896415337;0.7203818836636912;0.3019836270168693;0.7203818836636912;0.3019836270168693;0.7203818836636912;0.3019836270168693;cluster_size;2;native;TAX;4
RNN_native_tau=4_rho=2048;17.315588898374816;12.0;-1.60197265467505;0.7570300479690765;0.7570300479690765;0.616335265937689;57.63017463152441;26529.909090909092;-0.04967479205393307;3.608091751222036e+16;6339381603.825341;0.5461899345574404;0.1831254010763611;0.1831254010763611;0.1831254010763611;0.536710092138442;0.16606139201891668;0.16606139201891668;0.16606139201891668;0.5313689765816465;0.8060073994435092;0.5867448769054555;0.6508066248195935;0.2561251683477252;0.6508066248195935;0.2561251683477252;0.6508066248195935;0.2561251683477252;cluster_size;2048;native;TAX;4
RNN_native_tau=4_rho=256;19.484808619242063;90.0;0.0201567739527679;99529004357661.08;0.58461513925494;0.5074868992763223;55.42844239422884;29131.878787878788;0.019433116490887848;3.0604320075604988e+16;1560760035.378105;0.6094581973195936;0.2970163821499959;0.2970163821499959;0.2970163821499959;0.5196350654914692;0.13533278612677813;0.13533278612677813;0.13533278612677813;0.508771285445339;0.8122561334687537;0.5970341911446764;0.6620570459979805;0.2746526714182455;0.6620570459979805;0.2746526714182455;0.6620570459979805;0.2746526714182455;cluster_size;256;native;TAX;4
RNN_native_tau=4_rho=32;30.40148615427419;714.0;0.4444358816723189;1425736690786411.2;0.4956268329379834;0.20676086647992004;50.62505390312947;33660.606060606064;0.13906054990729452;4.625980064759992e+16;4594108409.235055;0.6410562666517468;0.35389345494531027;0.35389345494531027;0.35389345494531027;0.5184708604374867;0.1332370685225383;0.1332370685225383;0.1332370685225383;0.11964867830420606;0.8263894472209075;0.5911263720357566;0.6874972698687802;0.26401838962280383;0.6874972698687802;0.26401838962280383;0.6874972698687802;0.26401838962280383;cluster_size;32;native;TAX;4
RNN_native_tau=4_rho=32768;53.40971422327536;1.0;;1.9492704939479866;1.9492704939479866;1.9492704939479866;79.23137956679443;30843.878787878788;-1.0197843126246142;2.0610387092236598e+17;3.7896325560880277;0.49897738860428026;0.09814053838683963;0.09814053838683963;0.09814053838683963;0.7552195262738972;0.5593859888035076;0.5593859888035076;0.5593859888035076;1.9492704939479866;0.7969419117780777;0.5368775114209431;0.6344881204452407;0.1663618787132758;0.6344881204452407;0.1663618787132758;0.6344881204452407;0.1663618787132758;cluster_size;32768;native;TAX;4
RNN_native_tau=4_rho=4;48.70390229016897;5709.0;0.3085333802934506;2.21187448637383e+16;1.4657811840622028;0.09895965809579095;47.828886915563814;37147.757575757576;0.20078718177824573;5.274627319911832e+16;3726451356.76708;0.6701172134849603;0.40620195328283265;0.40620195328283265;0.40620195328283265;0.5162574962127684;0.12925027141931045;0.12925027141931045;0.12925027141931045;0.12748229438506864;0.8381992442359247;0.6015213228385372;0.7087542877098645;0.2827271906523204;0.7087542877098645;0.2827271906523204;0.7087542877098645;0.2827271906523204;cluster_size;4;native;TAX;4
RNN_native_tau=4_rho=4096;16.880260217561137;6.0;-2.566779779534886;0.6755905946378916;0.6755905946378916;0.6183696055379323;58.65468605044841;25206.727272727272;-0.06776014036854418;3.272289047510269e+16;0.9159397513188208;0.5144374091083377;0.12597160391346005;0.12597160391346005;0.12597160391346005;0.5448740929004584;0.1807586855747507;0.1807586855747507;0.1807586855747507;0.540196221493177;0.7998929995400794;0.5455483747427976;0.6398011124881061;0.1819721114168183;0.6398011124881061;0.1819721114168183;0.6398011124881061;0.1819721114168183;cluster_size;4096;native;TAX;4
RNN_native_tau=4_rho=512;9.638638325075679;45.0;0.6513083449483432;0.27320336470638085;0.27320336470638085;0.20641744686329225;54.790139594137166;27323.39393939394;0.06398144287090232;4.755868100858839e+16;5069003826.875648;0.5948575771678641;0.2707299597653804;0.2707299597653804;0.2707299597653804;0.5174291358170265;0.13135613975519006;0.13135613975519006;0.13135613975519006;0.19412534726739616;0.8148670815126385;0.5895558174767992;0.6667547412625051;0.2611863757637607;0.6667547412625051;0.2611863757637607;0.6667547412625052;0.2611863757637607;cluster_size;512;native;TAX;4
RNN_native_tau=4_rho=64;28.217470819536004;357.0;-0.021986763738392104;278894699570047.34;0.6393781653137707;0.5727346406328243;53.727626991406055;31453.090909090908;0.03784611902085855;2.13176160620638e+16;1032595343.6527963;0.6303107842064456;0.33455005554481376;0.33455005554481376;0.33455005554481376;0.5192128353076373;0.13457093451856295;0.13457093451856295;0.13457093451856295;0.5874502358335533;0.8202051465791597;0.6325891659251356;0.6763648169987537;0.3386508808819127;0.6763648169987537;0.3386508808819127;0.6763648169987537;0.3386508808819127;cluster_size;64;native;TAX;4
RNN_native_tau=4_rho=65536;6.030366266361451;1.0;;0.20282575773763376;0.20282575773763376;0.20282575773763376;57.64258251089239;48607.21212121212;-0.016067933451732137;5.861650106472345e+16;4087571889.572676;0.498752326480439;0.0977455334180265;0.0977455334180265;0.0977455334180265;0.754156443618331;0.5574773450092102;0.5574773450092102;0.5574773450092102;0.20282575773763364;0.7942162094435479;0.5337218304566872;0.6295856937038744;0.16069111064116667;0.6295856937038744;0.16069111064116667;0.6295856937038744;0.16069111064116667;cluster_size;65536;native;TAX;4
RNN_native_tau=4_rho=8;38.889892186499914;2855.0;0.336727490321376;1.1101614312845732e+16;1.2505734758622185;0.10848719962739761;48.75481955769889;36552.181818181816;0.17061067648008477;5.5604000232394584e+16;4773729706.831064;0.6543463432873872;0.377815392698371;0.377815392698371;0.377815392698371;0.5167366320878789;0.13011466542208658;0.13011466542208658;0.13011466542208658;0.12800766617493242;0.8306537174299393;0.5958936997351181;0.6951728613323274;0.27259903842806404;0.6951728613323274;0.27259903842806404;0.6951728613323274;0.27259903842806404;cluster_size;8;native;TAX;4
RNN_native_tau=4_rho=8192;6.811259932573389;3.0;-1.2165703192156496;0.23769781895726058;0.23769781895726058;0.17679449163097366;56.94630190511284;23254.60606060606;-0.008221587235789824;5.8520443745027544e+16;11649370197.544758;0.5099474872722627;0.11788793976540211;0.11788793976540211;0.11788793976540211;0.5919145423324377;0.2654314242506954;0.2654314242506954;0.2654314242506954;0.18803170684321288;0.7982799399652138;0.5431756946569557;0.6368970604153009;0.17769946029822492;0.6368970604153009;0.17769946029822492;0.6368970604153009;0.17769946029822492;cluster_size;8192;native;TAX;4
RNN_native_tau=4_rho=None;3.617856713984546;1.0;;0.1250821275259676;0.1250821275259676;0.1250821275259676;57.336395388145455;48607.21212121212;-0.005664042966256007;6.765616752818723e+16;5091569398.640921;0.498752326480439;0.0977455334180265;0.0977455334180265;0.0977455334180265;0.754156443618331;0.5574773450092102;0.5574773450092102;0.5574773450092102;0.12508212752596762;0.7942162094435479;0.5337218304566872;0.6295856937038744;0.16069111064116667;0.6295856937038744;0.16069111064116667;0.6295856937038744;0.16069111064116667;cluster_size;;native;TAX;4
RNN_native_tau=5_rho=1;45.42264175045642;23638.0;0.3231063417672069;3.285030989860365e+16;1957268096.5463479;0.13953262361564278;44.93432342066174;24284.40625;0.3248786527148486;3.2431560951866584e+16;1950700730.9781997;0.7194194924695185;0.49494201020031264;0.49494201020031264;0.49494201020031264;0.5222474411198725;0.1400231010485169;0.1400231010485169;0.1400231010485169;0.1390919236233351;0.8455776858025087;0.6390457175838853;0.7220327518010583;0.3502652040972197;0.7220327518010583;0.3502652040972197;0.7220327518010584;0.3502652040972197;cluster_size;1;native;TAX;5
RNN_native_tau=5_rho=1024;7.073338290099875;24.0;0.7403796696203044;0.1765166444266167;0.1765166444266167;0.10662123844884426;54.362110944269006;27664.625;0.04586875966963841;5.847326612110671e+16;7536441659.460853;0.56988678399813;0.22578481161058805;0.22578481161058805;0.22578481161058805;0.525330561914684;0.1455823766245742;0.1455823766245742;0.1455823766245742;0.09865812696238026;0.805966943385064;0.5564866030986136;0.6507353455907308;0.20166413180130105;0.6507353455907308;0.20166413180130105;0.6507353455907308;0.20166413180130105;cluster_size;1024;native;TAX;5
RNN_native_tau=5_rho=128;25.16133896759006;185.0;-0.012193717982951715;93674314396332.69;0.49754836595231167;0.46265096458192756;53.947260169868656;30379.09375;0.008076523975520892;2.885974222725832e+16;524387048.1402722;0.6091442657606727;0.29644668210690117;0.29644668210690117;0.29644668210690117;0.5179278583945373;0.13225416121200498;0.13225416121200498;0.13225416121200498;0.5104091330950067;0.8093696778018523;0.6176362287870547;0.6568591050845689;0.31173233268272527;0.6568591050845689;0.31173233268272527;0.6568591050845689;0.31173233268272527;cluster_size;128;native;TAX;5
RNN_native_tau=5_rho=131072;20.100193108932967;1.0;;0.7588211370396778;0.7588211370396778;0.7588211370396778;59.57941935588;52051.28125;-0.13874168231907474;1.1936053518800008e+17;8927681698.951082;0.4984029969627495;0.0971173267059073;0.0971173267059073;0.0971173267059073;0.7643480315774991;0.5758226329566891;0.5758226329566891;0.5758226329566891;0.7588211370396778;0.7959313031319435;0.5408307165864301;0.6326730112327492;0.17348804097523737;0.6326730112327492;0.17348804097523737;0.6326730112327492;0.17348804097523737;cluster_size;131072;native;TAX;5
RNN_native_tau=5_rho=16;37.3096088079508;1478.0;0.3845227503785354;4419762921637963.5;0.8424516170819853;0.09027275132089409;48.595150736969245;36555.25;0.1588515693183486;5.031093918473303e+16;7062100054.612177;0.6466954523974028;0.3640421196801903;0.3640421196801903;0.3640421196801903;0.5162051699741956;0.1291560714423965;0.1291560714423965;0.1291560714423965;0.09440252880253888;0.8294184934803169;0.6028765018287376;0.6929485819592553;0.28516681348552675;0.6929485819592553;0.28516681348552675;0.6929485819592553;0.28516681348552675;cluster_size;16;native;TAX;5
RNN_native_tau=5_rho=16384;11.462638280972616;2.0;-67616.55227940551;0.46967956123663834;0.46967956123663834;0.41695688711060763;57.094318857659275;30034.53125;-0.04594114294212316;9.530525541572434e+16;1.623502016526738;0.49571874304227237;0.09227702334255908;0.09227702334255908;0.09227702334255908;0.6816023186174527;0.4268732714661795;0.4268732714661795;0.4268732714661795;0.39414840206235174;0.7940355080047217;0.5416029656240331;0.6292571711403372;0.17487000875486422;0.6292571711403372;0.17487000875486422;0.6292571711403372;0.17487000875486422;cluster_size;16384;native;TAX;5
RNN_native_tau=5_rho=2;52.29198295995525;11819.0;0.3007482500582074;2.9631646814991164e+16;0.9970762137017036;0.2005705408107236;44.64697562091722;38789.28125;0.2436181920565979;3.797420175473781e+16;3245646838.5289207;0.6918227749704537;0.44527320018299;0.44527320018299;0.44527320018299;0.5163305149011278;0.12938265175341468;0.12938265175341468;0.12938265175341468;0.12904542182697032;0.849791554904418;0.6335438031461871;0.7296209799616737;0.3403695394043499;0.7296209799616737;0.3403695394043499;0.7296209799616737;0.3403695394043499;cluster_size;2;native;TAX;5
RNN_native_tau=5_rho=2048;13.977266012880294;12.0;-0.6011483746022965;0.5380492330969661;0.5380492330969661;0.4698766963144426;56.666717138217024;28009.03125;-0.030391797093343546;3.972588889819267e+16;1.0295430309448008;0.5456680975814354;0.1821862930104829;0.1821862930104829;0.1821862930104829;0.5293433716099382;0.15280111836775978;0.15280111836775978;0.15280111836775978;0.4533445743871158;0.8052099131485511;0.5936369005838364;0.6493709277433677;0.2685318227863398;0.6493709277433677;0.2685318227863398;0.6493709277433677;0.2685318227863398;cluster_size;2048;native;TAX;5
RNN_native_tau=5_rho=256;16.306316927497832;93.0;0.10875370262915378;40760686169543.01;0.5400983579865913;0.4756910395433298;54.372132677064776;29456.15625;0.01707577519539868;2.77210150895372e+16;2530790369.451106;0.6030412655221756;0.2854585509330327;0.2854585509330327;0.2854585509330327;0.5180599694084935;0.13248889775566092;0.13248889775566092;0.13248889775566092;0.5027440404678882;0.8129777988921295;0.6173875606738507;0.6633527708157402;0.3112823177653794;0.6633527708157402;0.3112823177653794;0.6633527708157402;0.3112823177653794;cluster_size;256;native;TAX;5
RNN_native_tau=5_rho=32;40.419973168512655;739.0;-0.008094176779238512;482402599690760.25;0.6270187968795251;0.5857012217044217;52.678684060283175;34624.5;0.040267394135964016;2.020733012262281e+16;642797912.6938642;0.6373923415533846;0.34729801983063546;0.34729801983063546;0.34729801983063546;0.5185667332770805;0.1334092224293869;0.1334092224293869;0.1334092224293869;0.5893900583509231;0.8224797719231626;0.6338898679832291;0.6804595367902637;0.340993499514391;0.6804595367902637;0.340993499514391;0.6804595367902637;0.340993499514391;cluster_size;32;native;TAX;5
RNN_native_tau=5_rho=32768;55.89200557615823;1.0;;2.190142538337926;2.190142538337926;2.190142538337926;81.92920659786614;29244.59375;-1.3777882091389293;9.30271873280091e+16;3660801374.971467;0.499086840265787;0.09833818002565785;0.09833818002565785;0.09833818002565785;0.7655630123209174;0.5780049384720183;0.5780049384720183;0.5780049384720183;2.190142538337926;0.7933357767661815;0.5907363215692827;0.6279970248112605;0.2633100605976223;0.6279970248112605;0.2633100605976223;0.6279970248112605;0.2633100605976223;cluster_size;32768;native;TAX;5
RNN_native_tau=5_rho=4;47.09165713785843;5910.0;0.29385259915392276;1.898962219987523e+16;1.1375291290769471;0.157800932301707;46.89165685670804;38226.125;0.19428655674070477;4.986751900631963e+16;4953630322.7156105;0.6684936024969744;0.4032821053018529;0.4032821053018528;0.4032821053018528;0.5139150166934661;0.12503769544447063;0.12503769544447063;0.12503769544447063;0.10537572872420997;0.8355531808077139;0.6148665092522436;0.7039925530642335;0.3067523749621863;0.7039925530642335;0.3067523749621863;0.7039925530642335;0.3067523749621863;cluster_size;4;native;TAX;5
RNN_native_tau=5_rho=4096;4.6183209608516185;6.0;0.6590876096496716;0.1751610113030927;0.1751610113030927;0.1011471224072827;55.71455506805914;26075.625;0.013006742239370712;6.616494523763166e+16;1.2205471819652747;0.5250876443994791;0.14513927177696506;0.14513927177696506;0.14513927177696506;0.5512600669135854;0.19225070253992121;0.19225070253992121;0.19225070253992121;0.09987251493506775;0.8016213594265678;0.5493874373566792;0.642910772603535;0.18887955180407126;0.642910772603535;0.18887955180407126;0.642910772603535;0.18887955180407126;cluster_size;4096;native;TAX;5
RNN_native_tau=5_rho=512;15.097477982415423;47.0;0.07525361355803296;13229168195839.621;0.3756128603297162;0.39275830126813394;55.80576398346767;28314.78125;0.005821468015289984;3.909889714304073e+16;4048913071.886956;0.5629256136047793;0.21325351254652702;0.21325351254652702;0.21325351254652702;0.516332905963092;0.1293851783181003;0.1293851783181003;0.1293851783181003;0.38563541564874604;0.8013990607188195;0.563840339577139;0.6425125962371319;0.21489986262560395;0.6425125962371319;0.21489986262560395;0.6425125962371319;0.21489986262560395;cluster_size;512;native;TAX;5
RNN_native_tau=5_rho=64;43.49934955038209;370.0;-0.3085833475266262;146720776437438.0;0.7783697974113855;0.6903471991278667;55.27066328570001;32477.875;-0.03684727706451603;1.8105336351807348e+16;1272080995.5898342;0.6255195756018352;0.3259232429734526;0.3259232429734526;0.3259232429734526;0.5194637897811676;0.13501953054973254;0.13501953054973254;0.13501953054973254;0.7612568636359728;0.8134219557119577;0.6260920600418505;0.6641535740294906;0.3269534457895208;0.6641535740294906;0.3269534457895208;0.6641535740294906;0.3269534457895208;cluster_size;64;native;TAX;5
RNN_native_tau=5_rho=65536;10.355466466187709;1.0;;0.38389410665916945;0.38389410665916945;0.38389410665916945;57.155727955281336;52051.28125;-0.04432322728041049;4.591178830139891e+16;3914460657.5890865;0.4984029969627495;0.0971173267059073;0.0971173267059073;0.0971173267059073;0.7643480315774991;0.5758226329566891;0.5758226329566891;0.5758226329566891;0.38389410665916945;0.7959313031319435;0.5431263655712355;0.6326730112327492;0.17762027238019604;0.6326730112327492;0.17762027238019604;0.6326730112327492;0.17762027238019604;cluster_size;65536;native;TAX;5
RNN_native_tau=5_rho=8;41.51226125124259;2955.0;0.3236981248637572;9339594092189488.0;1.056906544308768;0.11143617705702889;47.85357049621123;37755.65625;0.1748316112534346;4.950785829329875e+16;3351037111.0943155;0.6553228379707846;0.37957292407557053;0.3795729240755705;0.3795729240755705;0.5155998067256193;0.12806817602284187;0.12806817602284187;0.12806817602284187;0.09995950363028129;0.8333005548614854;0.6164125981648336;0.6999370111379459;0.3095336100638384;0.6999370111379459;0.3095336100638384;0.6999370111379459;0.3095336100638384;cluster_size;8;native;TAX;5
RNN_native_tau=5_rho=8192;13.341994361379195;3.0;-6.168930333081253;0.4677279825506204;0.4677279825506204;0.28535510288108085;56.66539678435285;25667.5625;-0.045122343170669287;4.702613587732306e+16;6803872590.196205;0.4825589406719027;0.06858909814651615;0.06858909814651615;0.06858909814651615;0.6299108324740372;0.3338271908168225;0.3338271908168225;0.3338271908168225;0.31413635613610164;0.7950052026334534;0.541630808998806;0.6310028619566677;0.1749202894937455;0.6310028619566677;0.1749202894937455;0.6310028619566677;0.1749202894937455;cluster_size;8192;native;TAX;5
RNN_native_tau=5_rho=None;15.914050765182969;1.0;;0.5920932512190185;0.5920932512190185;0.5920932512190185;58.52282020264292;52051.28125;-0.09703971110161774;1.093947749318901e+17;7787750479.201802;0.4984029969627495;0.0971173267059073;0.0971173267059073;0.0971173267059073;0.7643480315774991;0.5758226329566891;0.5758226329566891;0.5758226329566891;0.5920932512190185;0.7959313031319435;0.5408307165864301;0.6326730112327492;0.17348804097523737;0.6326730112327492;0.17348804097523737;0.6326730112327492;0.17348804097523737;cluster_size;;native;TAX;5
RNN_native_tau=6_rho=1;45.48713952905754;24191.0;0.3185133451983329;3.12036001878221e+16;0.9736874554881104;0.14388532882860347;45.06416883883303;24740.58064516129;0.3200387654644371;3.0931768387340704e+16;0.9687955395997123;0.7211124519595427;0.4979901870555849;0.4979901870555849;0.4979901870555849;0.5223255112786832;0.14016500086705286;0.14016500086705286;0.14016500086705286;0.14266523179525284;0.8508411374467373;0.6468807016215641;0.7315072614644385;0.36437017768412794;0.7315072614644385;0.36437017768412794;0.7315072614644385;0.36437017768412794;cluster_size;1;native;TAX;6
RNN_native_tau=6_rho=1024;18.865794459103814;24.0;-1.1029938532880934;0.8045224201818513;0.8045224201818513;0.6552405808089197;56.26742426404699;27910.032258064515;-0.05131436442599829;3.024271663348056e+16;1.0264823766269542;0.5650848956680211;0.2171418317129813;0.2171418317129813;0.2171418317129813;0.5282430537391652;0.15082563226370632;0.15082563226370632;0.15082563226370632;0.6150693229043939;0.8078468661570631;0.6032583257175921;0.654119224296487;0.28585565874627133;0.654119224296487;0.28585565874627133;0.654119224296487;0.28585565874627133;cluster_size;1024;native;TAX;6
RNN_native_tau=6_rho=128;31.983052133251412;189.0;-1.0176290377548;150312523135087.25;1.181349487621974;0.8990761402124824;58.376099406402595;31070.612903225807;-0.1245537203630208;2.051051736202054e+16;55332453.307507075;0.6155381294945158;0.307957367127961;0.307957367127961;0.307957367127961;0.5183566270173131;0.1330278527418353;0.1330278527418353;0.1330278527418353;0.9612472598533869;0.8091557331914245;0.6375019523225754;0.6564744360920537;0.34749344895984036;0.6564744360920537;0.34749344895984036;0.6564744360920537;0.34749344895984036;cluster_size;128;native;TAX;6
RNN_native_tau=6_rho=131072;11.982534121424756;1.0;;0.4623530976849614;0.4623530976849614;0.4623530976849614;56.96964133219844;54734.6129032258;-0.08004035338877274;9.924985308135392e+16;6678025049.462889;0.49859565605908246;0.09746265838834062;0.09746265838834062;0.09746265838834062;0.7723699080188693;0.5902613695698555;0.5902613695698555;0.5902613695698555;0.4623530976849614;0.7971484878212244;0.5467751838454866;0.6348629522266647;0.18418756831386876;0.6348629522266647;0.18418756831386876;0.6348629522266647;0.18418756831386876;cluster_size;131072;native;TAX;6
RNN_native_tau=6_rho=16;30.95485372342604;1512.0;0.4332881141679984;3538442804074310.0;0.7372696577759502;0.13338964911175746;47.57419862420132;36927.87096774193;0.1650256043423736;4.428708818407522e+16;3494000416.1069217;0.6473312674185635;0.3651871484229817;0.3651871484229817;0.3651871484229817;0.5183320591920567;0.1329853122905592;0.1329853122905592;0.1329853122905592;0.08770546994288392;0.8300422212679287;0.6108873084112085;0.6940712335257436;0.29958775799599674;0.6940712335257436;0.29958775799599674;0.6940712335257438;0.29958775799599674;cluster_size;16;native;TAX;6
RNN_native_tau=6_rho=2;50.60144515285632;12096.0;0.3147289705520945;2.8337982871283188e+16;0.9756105126319935;0.20755775838458573;42.856779673333996;38085.16129032258;0.2607884432932962;3.3731095112070444e+16;5112847239.243317;0.6987641865726074;0.4577681548242675;0.4577681548242675;0.4577681548242675;0.515615732258144;0.12809657426968216;0.12809657426968216;0.12809657426968216;0.15060879619338405;0.8560525983685426;0.6597904070443675;0.7408908025042503;0.38761503561906024;0.7408908025042503;0.38761503561906024;0.7408908025042502;0.38761503561906024;cluster_size;2;native;TAX;6
RNN_native_tau=6_rho=2048;6.23590680457116;12.0;0.6527825954484511;0.21424110303881644;0.21424110303881644;0.13017588606495334;53.465566679008;26183.41935483871;0.02533799777023253;5.562696168090603e+16;1.081617736029845;0.5482863376775822;0.1868988828125777;0.1868988828125777;0.1868988828125777;0.5414053534435551;0.17451291582852604;0.17451291582852604;0.17451291582852604;0.12596520685961432;0.8071548886200969;0.563154723102808;0.6528714739908632;0.21366299662737173;0.6528714739908632;0.21366299662737173;0.6528714739908632;0.21366299662737173;cluster_size;2048;native;TAX;6
RNN_native_tau=6_rho=256;17.356865870556685;95.0;0.11173160419127766;44511024893033.32;0.6855350949742538;0.5464040094556663;53.884987774553366;30041.129032258064;0.017638957689442413;2.4293783840451336e+16;1666793980.9814425;0.6043931548541044;0.2878961018464553;0.2878961018464553;0.2878961018464553;0.5184062431053695;0.13311715800002571;0.13311715800002571;0.13311715800002571;0.5605760342018052;0.8161095684977769;0.6343683235601021;0.6689915031617323;0.3418528656922597;0.6689915031617323;0.3418528656922597;0.6689915031617323;0.3418528656922597;cluster_size;256;native;TAX;6
RNN_native_tau=6_rho=32;27.51934428303523;756.0;0.29602125743181046;651710630606887.5;0.49269222991800776;0.41293388832779354;50.06154309291933;34765.903225806454;0.10076446774945043;3.1280520842365492e+16;2710045363.628237;0.6365106088538494;0.34570921141290917;0.34570921141290917;0.34570921141290917;0.5155433205402002;0.12796486765600984;0.12796486765600987;0.12796486765600987;0.36347504576941586;0.8222441214558854;0.6120455369978474;0.6800343041911447;0.3016719668769088;0.6800343041911447;0.3016719668769088;0.6800343041911446;0.3016719668769088;cluster_size;32;native;TAX;6
RNN_native_tau=6_rho=32768;34.186997436853595;1.0;;1.310026772030981;1.310026772030981;1.310026772030981;66.02497722781499;29247.290322580644;-0.49556463592874955;4.665538057176442e+16;5737661854.9203;0.49929147026618437;0.0987020376102594;0.0987020376102594;0.0987020376102594;0.7705135072661221;0.5869136831142817;0.5869136831142817;0.5869136831142817;1.310026772030981;0.7987268579174354;0.5881329067108684;0.6376992037242712;0.2586209159451497;0.6376992037242712;0.2586209159451497;0.6376992037242712;0.2586209159451497;cluster_size;32768;native;TAX;6
RNN_native_tau=6_rho=4;44.04512529734937;6048.0;0.34047647648902263;1.9843540475118904e+16;1.3161218241897836;0.08652512727025101;45.600949824580994;38770.967741935485;0.21308893955005484;5.061362293783269e+16;5744521457.307505;0.6748110403010714;0.41465258155149215;0.41465258155149215;0.41465258155149215;0.515139639247419;0.1272405489718664;0.1272405489718664;0.1272405489718664;0.1429714363040207;0.8414174976011225;0.6164886339894097;0.7145475936065757;0.3096716102182882;0.7145475936065757;0.3096716102182882;0.7145475936065756;0.3096716102182882;cluster_size;4;native;TAX;6
RNN_native_tau=6_rho=4096;9.38445734879412;6.0;-0.6007264078374743;0.4385815224257819;0.4385815224257819;0.22599379850694767;54.19317143384048;24963.83870967742;-0.010247103310921928;5.709578101627159e+16;4902133354.829021;0.5244895703726209;0.14406098273727844;0.14406098273727844;0.14406098273727844;0.5501247379414473;0.1902054080836311;0.1902054080836311;0.1902054080836311;0.1911875390844665;0.8068306642261611;0.5810483840549271;0.6522868093290839;0.24586955199291585;0.6522868093290839;0.24586955199291585;0.6522868093290839;0.24586955199291585;cluster_size;4096;native;TAX;6
RNN_native_tau=6_rho=512;19.769646653847648;48.0;-0.5533158547350233;68996235871871.74;0.7527391190687399;0.6624390832760736;56.087153787704665;28380.0;-0.04264150012141806;2.111523016997503e+16;0.9179369345171545;0.5888264321302873;0.2598743718163361;0.2598743718163361;0.2598743718163361;0.5233460517849221;0.14200764628429458;0.14200764628429458;0.14200764628429458;0.671189399604416;0.8061548827246674;0.6081739024158845;0.6510721975865401;0.2947010797297127;0.6510721975865401;0.2947010797297127;0.6510721975865401;0.2947010797297127;cluster_size;512;native;TAX;6
RNN_native_tau=6_rho=64;28.14830564338799;378.0;-0.28239956107656;272238155419887.3;0.9798998166649766;0.7388658447380487;54.60185182748236;32557.612903225807;-0.035932318311607474;1.9952034448633228e+16;1875189885.742445;0.62781091085142;0.330048557062187;0.330048557062187;0.330048557062187;0.5190055175994723;0.1341957017741964;0.1341957017741964;0.1341957017741964;0.8268855537166937;0.8182149977517251;0.6494069402523491;0.6727812590103585;0.3689225283531123;0.6727812590103585;0.3689225283531123;0.6727812590103585;0.3689225283531123;cluster_size;64;native;TAX;6
RNN_native_tau=6_rho=8;38.75425860201076;3024.0;0.3410245278187999;9979854879149996.0;1.311578788421557;0.09291794358975972;46.93398643445855;38398.93548387097;0.1765363350933216;5.0897736990604824e+16;5328772320.10895;0.6557815172737819;0.38039753576763896;0.380397535767639;0.380397535767639;0.5158793518974394;0.12856995695692483;0.12856995695692483;0.12856995695692483;0.11419850244550324;0.8314974802371655;0.6125248643866745;0.6966906492837628;0.3025350720084839;0.6966906492837628;0.3025350720084839;0.6966906492837629;0.3025350720084839;cluster_size;8;native;TAX;6
RNN_native_tau=6_rho=8192;7.521616001855932;3.0;-1.817127067219759;0.33831700654946206;0.33831700654946206;0.21515381923274998;54.045910084647716;24335.16129032258;-0.006125636916901768;6.017140522158077e+16;1.1514505829054194;0.5096673566772395;0.11738423750830981;0.11738423750830981;0.11738423750830981;0.6136639218126851;0.3045817740339617;0.3045817740339617;0.3045817740339617;0.16847592572491177;0.8020868782467325;0.5646886811877143;0.643749160497783;0.21642488557394596;0.643749160497783;0.21642488557394596;0.643749160497783;0.21642488557394596;cluster_size;8192;native;TAX;6
RNN_native_tau=6_rho=None;22.48781278927185;1.0;;0.8538664861626095;0.8538664861626095;0.8538664861626095;59.56393952412092;54734.6129032258;-0.17595166783376687;1.2968077924889966e+16;548464427.2711415;0.49859565605908246;0.09746265838834062;0.09746265838834062;0.09746265838834062;0.7723699080188693;0.5902613695698555;0.5902613695698555;0.5902613695698555;0.8538664861626095;0.7971484878212244;0.5594891397645383;0.6348629522266647;0.2070728710605227;0.6348629522266647;0.2070728710605227;0.6348629522266647;0.2070728710605227;cluster_size;;native;TAX;6
RNN_native_tau=7_rho=1;43.45326609165875;24637.0;0.34071011958203984;2.846715005526807e+16;1323859140.7249553;0.15830166109036745;43.107718755374336;25108.233333333334;0.3420269370511593;2.8159105314476984e+16;1322928717.633499;0.7274194278491178;0.5093450395022687;0.5093450395022687;0.5093450395022687;0.5233733547678144;0.14205469670845278;0.14205469670845278;0.14205469670845278;0.15813933893129545;0.8509250690518502;0.6657193051715056;0.7316596429391252;0.39828262842766443;0.7316596429391252;0.39828262842766443;0.7316596429391252;0.3982826284276645;cluster_size;1;native;TAX;7
RNN_native_tau=7_rho=1024;5.667912349415298;25.0;0.8134587622890322;0.20444100058011963;0.20444100058011963;0.1085740247291528;52.21128920134183;29428.633333333335;0.048588180612026875;5.8436370390268e+16;1.1420425552423756;0.5657268814238937;0.218296660834913;0.218296660834913;0.218296660834913;0.5260873926436347;0.14694457683580853;0.14694457683580853;0.14694457683580853;0.10164601136758732;0.8100640689473988;0.5722235241390131;0.6581102141997807;0.22999106292529822;0.6581102141997807;0.22999106292529822;0.6581102141997807;0.22999106292529822;cluster_size;1024;native;TAX;7
RNN_native_tau=7_rho=128;18.713340029149638;193.0;0.1607059710758732;120131751229741.4;0.664425887118888;0.5156462721023788;52.35791820636219;31261.666666666668;0.024448839224906947;2.568646321601804e+16;137226584.71624175;0.6111092947353127;0.29998511088672164;0.29998511088672164;0.29998511088672164;0.5218023730787649;0.13922996646217983;0.13922996646217983;0.13922996646217983;0.5786556733503035;0.8160966741663132;0.6390437550628024;0.6689683937530475;0.3502681100777291;0.6689683937530475;0.3502681100777291;0.6689683937530475;0.35026811007772907;cluster_size;128;native;TAX;7
RNN_native_tau=7_rho=131072;6.801710809274229;1.0;;0.2907304394992844;0.2907304394992844;0.2907304394992844;54.81435147862826;56860.13333333333;-0.027185476587620754;8.557369890165704e+16;6485192931.724425;0.49841618250351477;0.09714146759080408;0.0971414675908041;0.0971414675908041;0.7785846119710462;0.6014488104250907;0.6014488104250907;0.6014488104250907;0.29073043949928434;0.7977897856508082;0.5516936320860574;0.6360182849454489;0.19304207495912049;0.6360182849454489;0.19304207495912049;0.6360182849454489;0.19304207495912049;cluster_size;131072;native;TAX;7
RNN_native_tau=7_rho=16;27.69739190077517;1540.0;0.43852724940515875;2930109572881438.0;1.1904779894722968;0.12329056774013113;47.020782377460634;37801.1;0.16422851711747338;4.687723814004732e+16;3563902684.4480243;0.6463647548745013;0.36344978668619476;0.36344978668619476;0.36344978668619476;0.5185646356880546;0.13340718499963516;0.13340718499963516;0.13340718499963516;0.0911324943138732;0.8278163575533367;0.6182288092572704;0.6900659876828075;0.31280477044909405;0.6900659876828075;0.31280477044909405;0.6900659876828075;0.31280477044909405;cluster_size;16;native;TAX;7
RNN_native_tau=7_rho=16384;14.093604631510043;2.0;-107.3401459580503;0.6370337894369965;0.6370337894369965;0.5814892955115557;55.12549749173707;31216.666666666668;-0.0665230159640686;9.957173577774952e+16;1.7052927459641127;0.5032158938927631;0.10577185830541883;0.10577185830541883;0.10577185830541883;0.7385605012328956;0.5293997597904864;0.5293997597904864;0.5293997597904864;0.5488751674992626;0.7985492183439626;0.5545592820504207;0.6373816518242458;0.1981917454114747;0.6373816518242458;0.1981917454114747;0.6373816518242458;0.1981917454114747;cluster_size;16384;native;TAX;7
RNN_native_tau=7_rho=2;50.01376137522793;12319.0;0.3083923925159538;2.618410057235021e+16;0.9957876211548656;0.2147187881014422;41.98585689838837;38088.2;0.2636112764361868;3.1860306193159464e+16;1910070997.4774237;0.7006393116269309;0.4611435643791068;0.4611435643791068;0.4611435643791068;0.5143398278703943;0.12580002418347108;0.12580002418347108;0.12580002418347108;0.15278592978810268;0.8585932120725681;0.6716858791304303;0.7454642454012025;0.4090268170168363;0.7454642454012025;0.4090268170168363;0.7454642454012025;0.4090268170168363;cluster_size;2;native;TAX;7
RNN_native_tau=7_rho=2048;12.973774922840075;13.0;-0.2750479903951196;0.45534554960423623;0.45534554960423623;0.44709920732146863;54.34499728964446;28353.066666666666;-0.020253850075675723;3.317782662823797e+16;0.8951680700611173;0.5463219766612882;0.1833659788767787;0.1833659788767787;0.1833659788767787;0.5501370362688555;0.19023298127930785;0.19023298127930785;0.19023298127930785;0.4581416347873111;0.8013733229382116;0.5653158626334877;0.6424658598018879;0.2175556190536218;0.6424658598018879;0.2175556190536218;0.6424658598018878;0.2175556190536218;cluster_size;2048;native;TAX;7
RNN_native_tau=7_rho=256;17.31094634593355;97.0;0.07079805946561604;7167749177701.381;0.7217468934769788;0.5528846720592642;53.34617109276407;31219.966666666667;0.014929550109901484;2.5924186440741576e+16;725697120.2202197;0.5994455887294577;0.27898903349371323;0.27898903349371323;0.27898903349371323;0.5179785868003135;0.13234582850929635;0.13234582850929635;0.13234582850929635;0.5663410841493839;0.8123327251645615;0.623192899126385;0.6621926737675471;0.32173499996478633;0.6621926737675471;0.32173499996478633;0.6621926737675471;0.32173499996478633;cluster_size;256;native;TAX;7
RNN_native_tau=7_rho=32;23.75625897595047;770.0;0.3497122067428368;621953515515052.4;0.5084713859638588;0.35950589596569116;49.24143721263182;35818.7;0.10648334648263287;3.351592880558555e+16;2041479764.0369792;0.6295001131549341;0.33308961839879087;0.33308961839879087;0.33308961839879087;0.5210257462677652;0.13783263770533052;0.13783263770533052;0.13783263770533052;0.3192758678895766;0.8234727196528897;0.6263173773459507;0.6822457131984233;0.32736066506765776;0.6822457131984233;0.32736066506765776;0.6822457131984233;0.32736066506765776;cluster_size;32;native;TAX;7
RNN_native_tau=7_rho=32768;13.13789669252434;1.0;;0.5658950715582898;0.5658950715582898;0.5658950715582898;56.2349189319314;33641.23333333333;-0.08899812954345618;6.743449562400488e+16;16101905108.130178;0.498433702385449;0.09716475968128863;0.09716475968128863;0.09716475968128863;0.7821156919336567;0.6078009898933197;0.6078009898933197;0.6078009898933197;0.5658950715582898;0.7963132480146428;0.5582384612512172;0.6333573272055565;0.2048152003869731;0.6333573272055565;0.2048152003869731;0.6333573272055565;0.2048152003869731;cluster_size;32768;native;TAX;7
RNN_native_tau=7_rho=4;43.85276561865482;6160.0;0.32985558809134913;1.6917937084161902e+16;1.2596346066632944;0.1409110870047695;44.81493886540729;39455.5;0.21642052376809717;4.480910267805213e+16;3923553479.3519306;0.6757173112739211;0.41628345467689043;0.41628345467689043;0.41628345467689043;0.5154218474803043;0.12774791452246909;0.12774791452246909;0.12774791452246909;0.10626674874159082;0.8431046343836605;0.6412247480202814;0.7175844892947493;0.3541962113997043;0.7175844892947493;0.3541962113997043;0.7175844892947493;0.3541962113997043;cluster_size;4;native;TAX;7
RNN_native_tau=7_rho=4096;5.612663867531164;7.0;0.6212859422005889;0.22028394963817047;0.22028394963817047;0.15133092372936616;53.86084315521826;30167.466666666667;0.015447687884743972;5.555223696961973e+16;1.0992030276774662;0.533895866950816;0.16100276992255136;0.16100276992255136;0.16100276992255136;0.5606156918912952;0.20909875309344744;0.20909875309344744;0.20909875309344744;0.1540635203188388;0.8022638403602541;0.5663467603838972;0.6440706289465367;0.21941541253725014;0.6440706289465367;0.21941541253725014;0.6440706289465367;0.21941541253725014;cluster_size;4096;native;TAX;7
RNN_native_tau=7_rho=512;8.430884700937385;49.0;0.7384587254386611;35765682635836.41;0.21098533823633658;0.14283450897349817;52.593768092048876;29947.3;0.0646950971550364;5.118880165100657e+16;1.079598347415234;0.5880382134561137;0.25845669563292045;0.25845669563292045;0.25845669563292045;0.5243964498011009;0.14389959708165367;0.14389959708165367;0.14389959708165367;0.14121475731889102;0.8060858768640693;0.5760322878495454;0.6509488643663456;0.2368458387540258;0.6509488643663456;0.2368458387540258;0.6509488643663456;0.2368458387540258;cluster_size;512;native;TAX;7
RNN_native_tau=7_rho=64;31.08407015413235;385.0;-0.43595642149379604;209728689407588.56;1.0033618497602577;0.7888583597428782;54.164029660717496;33468.066666666666;-0.06463305563251973;1.801822542946946e+16;1840497494.5232718;0.6214036149622976;0.31851939193285356;0.31851939193285356;0.31851939193285356;0.5205498290019329;0.13698069187131282;0.13698069187131282;0.13698069187131282;0.889670141388843;0.8145001943226897;0.659866339808516;0.666096705540713;0.3877531471309115;0.666096705540713;0.3877531471309115;0.666096705540713;0.3877531471309115;cluster_size;64;native;TAX;7
RNN_native_tau=7_rho=65536;44.312848134633505;1.0;;1.7895469778241095;1.7895469778241095;1.7895469778241095;70.37986521091246;56860.13333333333;-0.7040008738427282;5.637315020197444e+16;4522207395.465337;0.49841618250351477;0.09714146759080408;0.0971414675908041;0.0971414675908041;0.7785846119710462;0.6014488104250907;0.6014488104250907;0.6014488104250907;1.7895469778241095;0.7977897856508082;0.6182852607589369;0.6360182849454489;0.3129079953212982;0.6360182849454489;0.3129079953212982;0.6360182849454489;0.3129079953212982;cluster_size;65536;native;TAX;7
RNN_native_tau=7_rho=8;34.41588475314086;3080.0;0.38269928202491293;9752791662296268.0;1.1587331280275355;0.0945901813744586;45.91293824889416;39207.166666666664;0.1809753730658193;4.991548865953853e+16;4522728382.479924;0.6578865100602298;0.38418836360721126;0.38418836360721126;0.38418836360721126;0.5192246776737692;0.13459408288193642;0.13459408288193642;0.13459408288193642;0.11359198920574727;0.830262251926308;0.6112122144762728;0.6944682800735189;0.3001738626767958;0.6944682800735189;0.3001738626767958;0.6944682800735189;0.3001738626767958;cluster_size;8;native;TAX;7
RNN_native_tau=7_rho=8192;7.461974025215624;4.0;-0.35921465243585676;0.3055626202375376;0.3055626202375376;0.18114586200087843;54.082784668774856;32693.866666666665;-0.0014123792002324873;7.019065247316788e+16;14743598226.954235;0.5105542675487418;0.11898382790665202;0.11898382790665202;0.11898382790665202;0.594244229078248;0.2696281831237485;0.2696281831237485;0.2696281831237485;0.16511894057865065;0.7990793642404651;0.5547974460767793;0.638337144911764;0.1986230245789694;0.638337144911764;0.1986230245789694;0.638337144911764;0.1986230245789694;cluster_size;8192;native;TAX;7
RNN_native_tau=7_rho=None;13.483495706707398;1.0;;0.5213277448028052;0.5213277448028052;0.5213277448028052;56.34720480101975;56860.13333333333;-0.08167906295233089;3.3862801865670908e+16;3909110565.28463;0.49841618250351477;0.09714146759080408;0.0971414675908041;0.0971414675908041;0.7785846119710462;0.6014488104250907;0.6014488104250907;0.6014488104250907;0.5213277448028052;0.7977897856508082;0.556284886985676;0.6360182849454489;0.2013063879701614;0.6360182849454489;0.2013063879701614;0.6360182849454489;0.2013063879701614;cluster_size;;native;TAX;7
RNN_native_tau=8_rho=1;43.7467057541764;24957.0;0.3351496643595695;2.8690134174581052e+16;0.9658082426346778;0.14709853966499864;43.4448056597661;25369.310344827587;0.3362391821550313;2.8437062263056636e+16;0.9646365951951696;0.7252060623556841;0.5053589186210641;0.5053589186210641;0.5053589186210641;0.5224367449107774;0.14036535657765614;0.14036535657765614;0.14036535657765614;0.14692126875437542;0.8494798214796855;0.669216600092584;0.7290567948107769;0.40457588999454946;0.7290567948107769;0.40457588999454946;0.7290567948107769;0.40457588999454935;cluster_size;1;native;TAX;8
RNN_native_tau=8_rho=1024;18.46303365055546;25.0;-1.033567585319368;0.8730952466753737;0.8730952466753737;0.6868296279164386;55.320785993906895;28585.827586206895;-0.05815941487347692;2.674710258408525e+16;1.0287358951262013;0.5598550732645634;0.20772303471352482;0.20772303471352482;0.20772303471352482;0.5284031731417571;0.15110864332152535;0.15110864332152535;0.15110864332152535;0.6672932103240959;0.8100567132920539;0.6173156255725447;0.6580948551062169;0.31115474670561555;0.6580948551062169;0.31115474670561555;0.6580948551062169;0.31115474670561555;cluster_size;1024;native;TAX;8
RNN_native_tau=8_rho=128;26.6453171835595;195.0;-0.6994055631619179;28952028194589.543;0.910670167414441;0.8138987923901211;54.88540840619753;32587.44827586207;-0.07696615470373452;1.2513944386422626e+16;0.9522779836246117;0.6124656044426035;0.30242603756661396;0.30242603756661396;0.30242603756661396;0.5146443245607811;0.1263447391404618;0.1263447391404618;0.1263447391404618;0.8369010936083146;0.8111097368563689;0.646481796376756;0.6599913453407988;0.36365665052899837;0.6599913453407988;0.36365665052899837;0.6599913453407988;0.36365665052899837;cluster_size;128;native;TAX;8
RNN_native_tau=8_rho=131072;28.126114877969666;1.0;;1.1696927693765418;1.1696927693765418;1.1696927693765418;61.21735507766477;58553.68965517241;-0.3164358981835345;2.472002250756635e+16;1.3316182657537807;0.4983818734312839;0.09707846685776436;0.09707846685776436;0.09707846685776436;0.7836161466444772;0.6105049797571627;0.6105049797571627;0.6105049797571627;1.1696927693765418;0.7988742500351165;0.6069590876675207;0.6379695692048024;0.2925201664671844;0.6379695692048024;0.2925201664671844;0.6379695692048024;0.2925201664671844;cluster_size;131072;native;TAX;8
RNN_native_tau=8_rho=16;29.426171983796706;1560.0;0.4444762349817545;3749019786085062.5;0.8754065594869367;0.10016511975811998;46.698134273684964;38187.8275862069;0.16261861832297467;4.885405209980778e+16;1.119404296374016;0.6456791934701541;0.362214175557855;0.362214175557855;0.362214175557855;0.5196200389763606;0.13530472125230172;0.13530472125230172;0.13530472125230172;0.10651534740991113;0.8292011347673807;0.6194786296784739;0.6925576285415909;0.3150531970947312;0.6925576285415909;0.3150531970947312;0.6925576285415909;0.3150531970947312;cluster_size;16;native;TAX;8
RNN_native_tau=8_rho=16384;9.95787696441687;2.0;-266.3000613745715;0.43786411032759875;0.43786411032759875;0.37832972046057806;54.669469195581435;32310.896551724138;-0.03164533779693492;8.73605254551731e+16;1.474998924600111;0.5077981688653758;0.11402147475016168;0.11402147475016168;0.11402147475016168;0.7537162423676098;0.5566808575127287;0.5566808575127287;0.5566808575127287;0.3809020912819049;0.7962095125938118;0.5559013039190115;0.6331704851261276;0.2006092181113311;0.6331704851261276;0.2006092181113311;0.6331704851261276;0.2006092181113311;cluster_size;16384;native;TAX;8
RNN_native_tau=8_rho=2;48.410906622190254;12479.0;0.3190863909450328;2.6818152100338016e+16;1.084704840882904;0.18715922018096484;41.43289711940001;38400.379310344826;0.266833596229978;3.5844371730337444e+16;0.935744631568713;0.6998350266850085;0.45969530607635667;0.45969530607635667;0.45969530607635667;0.5160374378251784;0.12885487066868181;0.12885487066868181;0.12885487066868181;0.10444443369446242;0.8574845214854371;0.6691652015347119;0.7434681394859871;0.40448926257587303;0.7434681394859871;0.40448926257587303;0.7434681394859871;0.40448926257587303;cluster_size;2;native;TAX;8
RNN_native_tau=8_rho=2048;15.088732714784062;13.0;-1.1628223288680057;0.7315263174058078;0.7315263174058078;0.5863373287542522;55.02304159440358;29465.620689655174;-0.04079033036812079;3.0465625532281804e+16;1.026158319082462;0.5446529858316285;0.18035973207337416;0.18035973207337416;0.18035973207337416;0.5328439363407826;0.15910288409195522;0.15910288409195522;0.15910288409195522;0.5461926730537805;0.8023933252331238;0.6149818938553169;0.6443007844863093;0.3069548386290931;0.6443007844863093;0.3069548386290931;0.6443007844863093;0.3069548386290931;cluster_size;2048;native;TAX;8
RNN_native_tau=8_rho=256;24.79488521673354;98.0;-0.94691866763667;46647240174916.055;1.0378112079283104;0.8453606074517526;54.97168211151465;31455.51724137931;-0.08290586649370921;1.5766901977607132e+16;0.9812620170868686;0.599350543700256;0.27881925705128174;0.27881925705128174;0.27881925705128174;0.5157647791860486;0.1283624412673311;0.1283624412673311;0.1283624412673311;0.8448989160717371;0.812059443785126;0.6480332564339754;0.6617012253132841;0.36645013665967807;0.6617012253132841;0.36645013665967807;0.6617012253132841;0.36645013665967807;cluster_size;256;native;TAX;8
RNN_native_tau=8_rho=32;19.23252244891205;780.0;0.581985181849268;1302304092330332.5;0.5197509101190344;0.1685226599589003;47.84130381600144;36099.06896551724;0.139424685824232;4.242898921580784e+16;1.0389525133177515;0.6338481703929643;0.3409165231017587;0.3409165231017587;0.3409165231017587;0.5201592270042525;0.13627324084443534;0.13627324084443534;0.13627324084443534;0.13768674912778797;0.822603054724319;0.6098840203918351;0.6806801973361428;0.2977809449303587;0.6806801973361428;0.2977809449303587;0.6806801973361428;0.2977809449303587;cluster_size;32;native;TAX;8
RNN_native_tau=8_rho=32768;28.101715059977444;1.0;;1.2028491411196316;1.2028491411196316;1.2028491411196316;63.148940380413116;29632.172413793105;-0.37494722317404755;1.4474037168727667e+17;2.437125458091948;0.4982878084152768;0.09689989258150783;0.0968998925815078;0.0968998925815078;0.76955870979168;0.5851968543612108;0.5851968543612108;0.5851968543612108;1.2028491411196316;0.79910524518941;0.5559873575846903;0.6383817093977022;0.20076164417065995;0.6383817093977022;0.20076164417065995;0.6383817093977022;0.20076164417065995;cluster_size;32768;native;TAX;8
RNN_native_tau=8_rho=4;41.733319158794174;6240.0;0.344101333083128;1.7726879687593256e+16;1.3885535929622423;0.08918967245277754;44.4499656765583;40066.34482758621;0.2108319512528082;5.255169531527788e+16;1.1043710766760528;0.6750792593709946;0.4151338491865096;0.4151338491865096;0.4151338491865096;0.5152782544888229;0.12748770630128597;0.12748770630128597;0.12748770630128597;0.19679455015998473;0.8410842336002833;0.6351372931421055;0.7139469857379264;0.3432377633839938;0.7139469857379264;0.3432377633839938;0.7139469857379264;0.3432377633839938;cluster_size;4;native;TAX;8
RNN_native_tau=8_rho=4096;7.957806742025876;7.0;0.05360592419474538;0.3894709404318171;0.3894709404318171;0.21917507208491957;53.316540827321944;29853.758620689656;-0.003444357432093615;7.803381856778458e+16;1.2902901130617082;0.5167041971060194;0.1300553801466475;0.1300553801466475;0.1300553801466475;0.5441985283403363;0.17954580008981172;0.17954580008981172;0.17954580008981172;0.2520511471801917;0.8026617699181328;0.5617234094074578;0.6447858140940739;0.21109179836211575;0.6447858140940739;0.21109179836211575;0.6447858140940739;0.21109179836211575;cluster_size;4096;native;TAX;8
RNN_native_tau=8_rho=512;16.77889906927467;49.0;-0.12750185539881895;0.710956711624326;0.710956711624326;0.5853993090443084;53.32497886908591;29823.58620689655;0.005096406606235544;2.5575802718894332e+16;0.9243668705740101;0.5897222610631839;0.26148729919014807;0.26148729919014807;0.26148729919014807;0.5222079118406232;0.13995935968779236;0.13995935968779236;0.13995935968779236;0.5481895872329341;0.809090443110967;0.6117424090370761;0.6563564824342712;0.30112483684027425;0.6563564824342712;0.30112483684027425;0.6563564824342712;0.30112483684027425;cluster_size;512;native;TAX;8
RNN_native_tau=8_rho=64;26.832937138806713;390.0;-0.2697199991985218;157774554427731.06;0.8691525612648543;0.7298501163385622;53.235212371489524;34168.89655172414;-0.010688888539602929;1.6552543256172364e+16;0.9161192400199044;0.6219935747378081;0.31957845396976386;0.31957845396976386;0.31957845396976386;0.5205478763275446;0.13697349220812374;0.13697349220812374;0.13697349220812374;0.7348224797439022;0.8171055952747813;0.6445511895835344;0.6707848640829136;0.3601832082797519;0.6707848640829136;0.3601832082797519;0.6707848640829136;0.3601832082797519;cluster_size;64;native;TAX;8
RNN_native_tau=8_rho=65536;38.778233535818366;1.0;;1.570703041788179;1.570703041788179;1.570703041788179;67.4650468013919;55575.51724137931;-0.5877244619112174;1.7094335267949325e+17;2.9162684783596005;0.49843879486127685;0.09718095372747439;0.09718095372747439;0.09718095372747439;0.781722401575059;0.6070962311267879;0.6070962311267879;0.6070962311267879;1.5707030417881795;0.7994461025031361;0.5565547159054736;0.638998962050205;0.20179147003667336;0.638998962050205;0.20179147003667336;0.638998962050205;0.20179147003667336;cluster_size;65536;native;TAX;8
RNN_native_tau=8_rho=8;37.268020128891905;3120.0;0.3564518234948258;8063982056322920.0;1.199051361794742;0.13461805047828665;45.68859738037217;39674.620689655174;0.18528410283456084;4.414486108604187e+16;1.0737410362897502;0.6584765539504501;0.38524841521779135;0.38524841521779135;0.38524841521779135;0.5187248432813554;0.13369152126223788;0.13369152126223788;0.13369152126223788;0.0902575580697508;0.8353755187067854;0.6326693005103422;0.7036710538920111;0.3387952464042957;0.7036710538920111;0.3387952464042957;0.7036710538920111;0.3387952464042957;cluster_size;8;native;TAX;8
RNN_native_tau=8_rho=8192;13.907571027184241;4.0;-4.1883803588646735;0.6397745242394454;0.6397745242394454;0.5313095992551788;55.113884900929946;33760.137931034486;-0.06145560702969524;3.4174617742765012e+16;1.0207649584211;0.5199132260172254;0.13583031947050755;0.13583031947050755;0.13583031947050755;0.6061997708446443;0.291148675045733;0.291148675045733;0.291148675045733;0.5341964962287074;0.7987650561788014;0.5909056315204408;0.6377711692591324;0.2636193852990166;0.6377711692591324;0.2636193852990166;0.6377711692591324;0.2636193852990166;cluster_size;8192;native;TAX;8
RNN_native_tau=8_rho=None;16.09630416685792;1.0;;0.6691981079672631;0.6691981079672631;0.6691981079672631;56.535453725665555;58553.68965517241;-0.11763693845895759;1.1107446684020696e+17;1.826953375677995;0.4983818734312839;0.09707846685776436;0.09707846685776436;0.09707846685776436;0.7836161466444772;0.6105049797571627;0.6105049797571627;0.6105049797571627;0.6691981079672632;0.7988742500351165;0.5559612689358363;0.6379695692048024;0.2007232423983011;0.6379695692048024;0.2007232423983011;0.6379695692048024;0.2007232423983011;cluster_size;;native;TAX;8
RNN_native_tau=9_rho=1;42.38829951585124;25232.0;0.3442614836355764;3.0768898177374976e+16;0.9839083849812696;0.11992444563708228;43.62967960100963;25580.678571428572;0.3000038190212101;3.253645922904929e+16;1.0276021871198247;0.712825252495188;0.4830745907256712;0.4830745907256712;0.4830745907256712;0.5184650919541497;0.13321975715954412;0.13321975715954412;0.13321975715954412;0.12051797977932076;0.8477168940004006;0.6674194659338119;0.7258845526016443;0.4013431906232183;0.7258845526016443;0.4013431906232183;0.7258845526016443;0.4013431906232183;cluster_size;1;native;TAX;9
RNN_native_tau=9_rho=1024;11.881652307795658;25.0;0.20945352725454264;0.5286033185154564;0.5286033185154564;0.38600263786913586;52.44770680540729;28705.35714285714;0.015370277866271265;3.7794728375281016e+16;1.0088318868920882;0.5635274895504039;0.21433397640255164;0.21433397640255164;0.21433397640255164;0.526293865252444;0.1473121248457538;0.1473121248457538;0.1473121248457538;0.3730064506680694;0.806932706763701;0.6097206936347053;0.6524717504120947;0.2974835216810063;0.6524717504120947;0.2974835216810063;0.6524717504120947;0.2974835216810063;cluster_size;1024;native;TAX;9
RNN_native_tau=9_rho=128;17.61094142347285;198.0;0.2630223709380479;108158932235500.83;0.6469078515472082;0.5144794661321971;51.10292217161178;32870.71428571428;0.04095283966958946;2.6860776208371236e+16;0.9493387418313951;0.6172293372519696;0.3110017895584766;0.3110017895584766;0.3110017895584766;0.5248307608692269;0.14468177042582472;0.14468177042582472;0.14468177042582472;0.5763772134236369;0.816847330585537;0.6351646442971697;0.6703197657068118;0.3432864012999322;0.6703197657068118;0.3432864012999322;0.6703197657068118;0.3432864012999322;cluster_size;128;native;TAX;9
RNN_native_tau=9_rho=131072;66.42578991163357;1.0;;2.842081671528183;2.842081671528183;2.842081671528183;86.15271164056985;59911.857142857145;-1.7053424685133611;2.51592497295026e+17;4.362588812181206;0.4984617068569123;0.09722267714873367;0.09722267714873367;0.09722267714873367;0.7879005970160282;0.6182173641312584;0.6182173641312584;0.6182173641312584;2.8420816715281823;0.799515724451305;0.5600023403655287;0.6391245055481437;0.20799760139946105;0.6391245055481437;0.20799760139946105;0.6391245055481437;0.20799760139946105;cluster_size;131072;native;TAX;9
RNN_native_tau=9_rho=16;30.461749803008868;1577.0;0.4442799928751996;3586306926358209.0;0.9408694105089382;0.08420054379036411;46.53517252410235;38527.03571428572;0.16027286786858658;4.817629051471454e+16;1.10591186622548;0.6447543299572294;0.3605486263948294;0.36054862639482926;0.36054862639482926;0.5187243529036506;0.13369141898414424;0.13369141898414424;0.13369141898414424;0.10200040050491786;0.826300981769722;0.6168514077698957;0.6873369572869666;0.31032318115936525;0.6873369572869666;0.31032318115936525;0.6873369572869666;0.31032318115936525;cluster_size;16;native;TAX;9
RNN_native_tau=9_rho=16384;12.614835595239992;2.0;-241.26010717922495;0.5380413994987859;0.5380413994987859;0.4806029021446796;55.3379282138349;31165.75;-0.05732044732477824;9.967535860932682e+16;1.6158545850077213;0.5107697411551151;0.11937334722768299;0.11937334722768299;0.11937334722768299;0.7290326351682681;0.5122518793899652;0.5122518793899652;0.5122518793899652;0.5121363268581438;0.8031267650787235;0.556825646436185;0.6456229537899875;0.2022758160688423;0.6456229537899875;0.2022758160688423;0.6456229537899875;0.2022758160688423;cluster_size;16384;native;TAX;9
RNN_native_tau=9_rho=2;46.8869350738192;12616.0;0.3363402191280197;2.758649856767084e+16;1.1344345124365343;0.1386116384967234;40.563070186941715;38701.107142857145;0.2763811095486067;3.7346604559732344e+16;0.963241828189288;0.7006574572483671;0.4611765273268896;0.4611765273268896;0.4611765273268896;0.516056309503113;0.12889024271626817;0.12889024271626817;0.12889024271626817;0.11299310374280967;0.8588849003400468;0.6815055997143401;0.7459892233262303;0.4267031463776971;0.7459892233262303;0.4267031463776971;0.7459892233262303;0.4267031463776971;cluster_size;2;native;TAX;9
RNN_native_tau=9_rho=2048;12.537689589322927;13.0;-0.4534782324760482;0.6616531770610685;0.6616531770610685;0.4374167906350977;53.907183780165234;29160.035714285714;-0.017143129443721334;4.1910407693359496e+16;1.0643342866350687;0.5445935220191069;0.1802558298444848;0.1802558298444848;0.1802558298444848;0.5445475152758624;0.18017317497167248;0.18017317497167248;0.18017317497167248;0.407472234975833;0.8072470075861103;0.6255468813295206;0.6530391116488073;0.32597468738243024;0.6530391116488073;0.32597468738243024;0.6530391116488073;0.32597468738243024;cluster_size;2048;native;TAX;9
RNN_native_tau=9_rho=256;19.465288488379315;99.0;-0.14338183219304934;33701259721935.902;1.0254548963777128;0.6548118218436868;51.83164884044397;31911.535714285714;-0.02683110064142896;3.411332228605043e+16;1.0723335677945989;0.5972846649671112;0.275100233585179;0.275100233585179;0.275100233585179;0.5267594917966415;0.1481526276302354;0.1481526276302354;0.1481526276302354;0.7027431621963328;0.8203207537405731;0.6632868117101889;0.6765714993791799;0.3939061600859762;0.6765714993791799;0.3939061600859762;0.6765714993791799;0.3939061600859762;cluster_size;256;native;TAX;9
RNN_native_tau=9_rho=32;26.144886967189915;789.0;0.37879657554995033;468534752834107.7;0.49957903750869975;0.37637476073909354;48.52497460754512;36529.5;0.1174850400207902;3.2540606738165012e+16;0.9333121371209607;0.6381530035805835;0.34866832555702515;0.34866832555702515;0.34866832555702515;0.5204579660534712;0.1368149751793449;0.1368149751793449;0.1368149751793449;0.32066367745191016;0.8218257833540028;0.6238898706746562;0.6792825603831003;0.3229949274783439;0.6792825603831003;0.3229949274783439;0.6792825603831003;0.3229949274783439;cluster_size;32;native;TAX;9
RNN_native_tau=9_rho=32768;26.333506695365053;1.0;;1.0544668076970232;1.0544668076970232;1.0544668076970232;63.483559786457946;28570.85714285714;-0.40961095320121826;1.0821718922010434e+17;2.145580731519839;0.49916821000569184;0.09848147508410945;0.09848147508410945;0.09848147508410945;0.7676821145683304;0.581817740721838;0.581817740721838;0.581817740721838;1.0544668076970232;0.7984736875915892;0.5754022738022581;0.6372438757930992;0.23570624844050742;0.6372438757930992;0.23570624844050742;0.6372438757930992;0.23570624844050742;cluster_size;32768;native;TAX;9
RNN_native_tau=9_rho=4;39.295528671761346;6308.0;0.3739103267317872;1.7459921811928134e+16;1.4972682959528938;0.08593566772860246;43.40205725855293;40342.642857142855;0.2239464308045718;4.7899669027540856e+16;1.0951868527194386;0.6726048583182954;0.4106797135191786;0.4106797135191786;0.4106797135191786;0.5150453701369293;0.12706833720461203;0.12706833720461203;0.12706833720461203;0.1594712955376947;0.842898466620376;0.6466885107440569;0.7172126477331947;0.364030139506187;0.7172126477331947;0.364030139506187;0.7172126477331944;0.364030139506187;cluster_size;4;native;TAX;9
RNN_native_tau=9_rho=4096;12.614225144870641;7.0;-1.0646943105606796;0.5531491340316957;0.5531491340316957;0.45996535019176205;54.055931422039855;29782.60714285714;-0.024577638960675503;3.6193979369739144e+16;0.9979829529325696;0.5324920466142051;0.15847359164814062;0.15847359164814062;0.15847359164814062;0.5435939650974763;0.17845715435093673;0.17845715435093673;0.17845715435093673;0.4162732740201315;0.801553621036896;0.5879304565390928;0.6427910393939698;0.2582647519856707;0.6427910393939698;0.2582647519856707;0.6427910393939698;0.2582647519856707;cluster_size;4096;native;TAX;9
RNN_native_tau=9_rho=512;20.69469455454529;50.0;-0.6752812245182007;0.867413643228487;0.867413643228487;0.7108915541348017;54.92049411472409;30235.535714285714;-0.057759322846379337;2.6400660478437964e+16;0.9765953396391085;0.5762911979894145;0.23730838916142474;0.23730838916142474;0.23730838916142474;0.5273831302489695;0.1492719854946902;0.1492719854946902;0.1492719854946902;0.7498602589604827;0.808124732357015;0.630502971780974;0.654617106167784;0.33489182507060944;0.654617106167784;0.33489182507060944;0.654617106167784;0.33489182507060944;cluster_size;512;native;TAX;9
RNN_native_tau=9_rho=64;31.52775459143937;395.0;-0.4195993422617597;206406470227448.7;0.9603939988717978;0.7694809986859692;52.905009255178925;34475.142857142855;-0.05076522599161718;2.1990079395391304e+16;0.9545446897375448;0.6196084159803886;0.31528196857852125;0.31528196857852125;0.31528196857852125;0.5257927180084065;0.14641050447369827;0.14641050447369827;0.14641050447369827;0.8387036727110818;0.8150821797100224;0.662247161313652;0.6671413018183878;0.3920333953747804;0.6671413018183878;0.3920333953747804;0.6671413018183878;0.3920333953747804;cluster_size;64;native;TAX;9
RNN_native_tau=9_rho=65536;41.91305373378064;1.0;;1.8808612632231954;1.8808612632231954;1.8808612632231954;70.19672001192595;51291.357142857145;-0.8278682732073441;1.7788889515378896e+17;3.0511772497505842;0.49856647813162047;0.09741093379916188;0.09741093379916188;0.09741093379916188;0.78647163835614;0.6156451330693188;0.6156451330693188;0.6156451330693188;1.8808612632231956;0.7980731179229871;0.5587914855828972;0.636527614340465;0.20581776820446906;0.636527614340465;0.20581776820446906;0.636527614340465;0.20581776820446906;cluster_size;65536;native;TAX;9
RNN_native_tau=9_rho=8;33.36208589265011;3154.0;0.4048424814519378;8188606968469155.0;1.4404298894257217;0.08320008746143621;44.785378409787306;39973.03571428572;0.18956691869074524;5.088899333742271e+16;1.1456233490396563;0.6588652834906654;0.38594909596196436;0.38594909596196436;0.38594909596196436;0.5178563736712984;0.1321296101048451;0.1321296101048451;0.1321296101048451;0.1656612377460179;0.8328161191720758;0.6274909927346827;0.699064569418379;0.32947515882363465;0.699064569418379;0.32947515882363465;0.699064569418379;0.32947515882363465;cluster_size;8;native;TAX;9
RNN_native_tau=9_rho=8192;5.4417063129980106;4.0;0.5657802492880053;0.25310139377533164;0.25310139377533164;0.1567676714806425;53.38311249517589;32608.35714285714;0.017010311483355363;6.8148603359649576e+16;1.2313069473098892;0.5283620074616495;0.1510393525674256;0.1510393525674256;0.1510393525674256;0.5932297481399275;0.26780274205054616;0.26780274205054616;0.26780274205054616;0.15576287930416474;0.8016305417275927;0.5588269744572326;0.6429295011682736;0.20587768966149028;0.6429295011682736;0.20587768966149028;0.6429295011682736;0.20587768966149028;cluster_size;8192;native;TAX;9
RNN_native_tau=9_rho=None;19.493225233062134;1.0;;0.8149090217353184;0.8149090217353184;0.8149090217353184;57.183745250389244;59911.857142857145;-0.16611332106336096;1.197446691067144e+17;1.95419816027926;0.4984617068569123;0.09722267714873367;0.09722267714873367;0.09722267714873367;0.7879005970160282;0.6182173641312584;0.6182173641312584;0.6182173641312584;0.8149090217353184;0.799515724451305;0.5600023403655287;0.6391245055481437;0.20799760139946105;0.6391245055481437;0.20799760139946105;0.6391245055481437;0.20799760139946105;cluster_size;;native;TAX;9
